Player Name,Team,Age,Positions,FP,FP/GP,GP,TOI,PP TOI,G,A,P,SOG,PPG,PPP,BLK,HIT,plus_minus,GWG,FOW,FOL,FO%,Extra,Extra
Nathan MacKinnon,COL,30,C,390.9,7.38,53,21.8,3.9,28.9,49.6,78.5,226.8,7.0,23.6,36.6,33.0,11.9,5.1,473.7,505.7,48%,,
Nikita Kucherov,T.B,32,RW,369.9,6.85,54,20.5,4.3,25.6,54.2,79.8,180.1,6.8,29.8,21.6,20.3,8.7,4.7,0.5,0.7,0%,,
Connor McDavid,EDM,28,C,350.5,6.61,53,21.8,3.2,22.4,55.4,77.8,162.5,6.8,26.5,18.9,33.2,5.0,3.3,275.6,290.8,49%,,
Auston Matthews,TOR,28,C,343.3,6.36,54,21.2,3.1,31.4,29.0,60.4,214.0,7.5,16.0,78.1,43.1,4.4,4.5,529.8,414.4,56%,,
Jack Eichel,VGK,29,C,343.0,6.35,54,21.3,3.6,22.8,43.4,66.2,201.5,4.4,24.6,38.5,23.9,6.9,4.0,396.3,463.0,46%,,
David Pastrnak,BOS,29,RW,329.4,6.33,52,20.1,4.1,26.8,39.2,65.9,202.8,8.2,22.0,16.4,51.0,-1.9,3.7,3.2,3.6,47%,,
Jack Hughes,N.J,24,"C,LW",322.9,6.09,53,21.3,3.4,24.8,36.0,60.8,209.8,5.6,21.6,27.8,12.5,3.1,3.6,166.8,283.2,37%,,
Leon Draisaitl,EDM,30,"C,LW",319.2,6.02,53,21.3,3.2,31.6,38.6,70.2,147.8,12.1,25.0,19.6,27.8,5.5,4.7,481.5,383.1,56%,,
Quinn Hughes,VAN,26,D,318.6,6.01,53,27.7,4.4,11.4,49.7,61.1,152.9,3.8,25.9,66.0,15.8,0.6,1.6,0.0,0.0,0%,,
Kirill Kaprizov,MIN,28,LW,317.2,5.99,53,22.4,3.7,30.9,33.8,64.8,180.8,9.7,20.9,23.4,27.7,2.6,4.9,0.0,1.8,0%,,
Cale Makar,COL,27,D,313.9,5.92,53,24.9,3.7,15.6,41.5,57.1,153.7,4.6,21.0,89.7,36.1,9.5,2.8,0.0,0.0,0%,,
Zach Werenski,CBJ,28,D,309.3,5.84,53,26.8,3.4,13.1,39.2,52.4,186.6,2.9,16.8,84.2,25.4,3.0,1.9,0.0,0.0,0%,,
Macklin Celebrini,S.J,19,C,293.2,5.64,52,19.8,4.1,21.9,36.8,58.7,156.1,7.6,22.6,32.8,29.6,-5.7,2.7,375.1,405.4,48%,,
William Nylander,TOR,29,"C,RW",292.0,5.41,54,19.8,3.3,26.7,34.0,60.7,163.1,6.5,17.7,21.3,14.8,2.6,3.8,41.0,45.9,47%,,
Jason Robertson,DAL,26,"LW,RW",289.5,5.57,52,19.5,3.6,24.5,32.9,57.4,171.4,7.7,19.2,24.7,39.4,7.0,4.5,0.7,3.4,17%,,
Sam Reinhart,FLA,30,"C,RW",287.7,5.33,54,21.2,3.8,30.1,27.0,57.1,149.0,11.2,20.7,42.3,58.8,4.1,4.9,105.7,156.9,40%,,
Connor Bedard,CHI,20,"C,RW",287.7,5.43,53,21.4,3.6,21.7,34.8,56.6,164.5,8.0,23.1,25.2,26.9,-6.1,3.0,199.3,291.7,41%,,
Kyle Connor,WPG,28,LW,286.5,5.31,54,20.3,2.5,26.6,31.5,58.1,175.2,3.6,13.3,22.5,19.0,1.1,4.0,0.4,2.5,14%,,
Artemi Panarin,NYR,34,LW,284.3,5.57,51,20.9,3.3,23.5,36.9,60.4,159.0,4.4,18.4,10.2,14.4,2.6,4.0,0.1,1.8,3%,,
Jake Guentzel,T.B,31,LW,283.7,5.25,54,20.7,3.9,26.8,30.0,56.8,158.3,8.0,17.8,32.9,24.8,8.6,4.9,79.9,112.0,42%,,
Martin Necas,COL,26,RW,280.3,5.29,53,20.8,3.8,21.8,37.8,59.5,143.7,7.4,19.6,20.4,50.7,8.6,3.9,26.5,39.3,40%,,
Nick Suzuki,MTL,26,C,280.2,5.19,54,21.1,3.5,20.2,38.5,58.8,120.7,6.2,21.8,43.3,44.8,1.8,2.9,481.6,449.7,52%,,
Matthew Tkachuk,FLA,27,"LW,RW",277.8,5.14,54,18.3,3.3,19.3,36.1,55.4,166.5,6.2,19.5,17.8,81.3,4.4,3.2,1.5,4.1,27%,,
Matt Boldy,MIN,24,"LW,RW",276.4,5.22,53,21.3,3.7,22.2,29.2,51.4,170.7,6.3,17.2,39.4,36.1,2.4,3.5,34.7,43.9,44%,,
Dylan Larkin,DET,29,C,274.1,5.17,53,21.1,3.6,23.8,28.5,52.4,169.7,9.1,17.7,28.8,28.3,-0.4,3.2,603.0,494.8,55%,,
John Tavares,TOR,35,C,273.3,5.06,54,19.4,3.0,25.8,28.9,54.7,169.9,6.3,12.6,23.6,65.9,3.2,3.7,572.4,394.7,59%,,
Sidney Crosby,PIT,38,C,271.0,4.93,55,18.8,2.8,24.8,31.9,56.7,146.2,8.1,15.8,24.2,45.5,-0.7,3.5,637.5,481.9,57%,,
Jesper Bratt,N.J,27,"LW,RW",267.9,5.05,53,19.8,3.3,14.7,41.0,55.7,136.8,3.3,20.2,24.0,58.9,2.5,2.2,0.6,4.0,12%,,
Alex Debrincat,DET,27,"LW,RW",267.3,5.04,53,19.0,3.5,24.2,25.8,50.0,175.5,9.6,18.2,22.8,28.7,-0.2,3.2,13.7,19.0,42%,,
Mark Stone,VGK,33,RW,267.1,4.95,54,18.9,3.3,16.2,40.3,56.5,115.8,5.4,23.3,32.5,32.8,5.5,2.8,2.1,6.4,24%,,
Adrian Kempe,L.A,29,RW,266.8,4.94,54,19.4,3.3,21.5,30.1,51.6,168.4,4.2,14.0,27.3,81.3,2.5,3.5,14.1,24.3,37%,,
Mitch Marner,VGK,28,RW,264.8,4.90,54,19.2,3.6,15.9,43.3,59.2,104.8,4.5,20.5,28.8,30.4,6.2,2.8,11.1,23.9,32%,,
Lucas Raymond,DET,23,RW,264.0,4.98,53,19.6,3.6,19.8,35.8,55.6,128.7,5.6,21.6,22.8,29.9,-0.6,2.6,1.7,2.7,38%,,
Mikko Rantanen,DAL,29,"LW,RW",262.0,5.04,52,18.9,3.5,20.0,34.3,54.2,131.6,6.6,20.5,26.0,33.0,5.1,3.7,77.3,68.8,53%,,
Elias Pettersson (F),VAN,27,"C,LW",260.7,4.92,53,21.1,3.7,18.1,30.7,48.8,119.0,6.4,17.0,75.7,61.2,-0.6,2.6,467.5,489.5,49%,,
Wyatt Johnston,DAL,22,"C,RW",259.7,4.99,52,19.5,3.1,23.3,27.1,50.4,144.0,9.5,19.0,34.6,27.0,4.9,4.3,266.5,264.0,50%,,
Cole Caufield,MTL,24,"LW,RW",258.6,4.79,54,18.8,3.1,24.6,25.4,50.0,168.8,5.7,14.6,19.2,45.0,1.2,3.5,4.9,7.8,47%,,
Timo Meier,N.J,29,"LW,RW",258.1,4.87,53,19.9,3.0,22.2,23.0,45.1,172.9,8.8,16.2,39.9,95.9,1.0,3.3,25.1,37.5,40%,,
Nico Hischier,N.J,26,C,256.9,4.85,53,20.9,3.1,22.4,28.2,50.6,132.7,6.6,16.2,45.2,38.2,1.7,3.3,633.7,511.1,55%,,
Kirill Marchenko,CBJ,25,RW,254.8,4.81,53,19.6,2.9,21.4,27.7,49.1,157.5,4.0,13.9,29.7,41.3,3.2,3.1,6.6,19.0,26%,,
Mark Scheifele,WPG,32,C,254.6,4.72,54,20.0,2.6,23.4,33.0,56.5,117.2,5.2,12.1,29.0,37.0,1.6,3.6,422.4,442.5,49%,,
Brady Tkachuk,OTT,26,"C,LW",254.4,4.71,54,17.6,3.3,19.9,22.3,42.2,205.2,7.3,15.0,20.4,151.6,3.4,3.3,118.8,110.6,52%,,
Filip Forsberg,NSH,31,LW,253.9,4.70,54,18.2,2.4,21.7,24.7,46.4,180.0,4.0,10.9,28.0,100.0,-2.6,3.0,5.4,10.8,33%,,
Evan Bouchard,EDM,26,D,253.6,4.79,53,23.7,3.0,9.1,34.8,43.9,134.8,2.9,16.6,75.9,29.7,3.8,1.3,0.0,0.0,0%,,
Rasmus Dahlin,BUF,25,D,253.1,4.69,54,24.1,3.2,10.7,32.4,43.1,144.0,3.5,14.5,74.5,62.3,0.5,1.5,0.0,0.0,0%,,
Roman Josi,NSH,35,D,252.8,4.68,54,23.8,3.0,10.2,30.3,40.5,143.3,2.9,14.7,89.6,41.2,-3.4,1.4,0.0,0.0,0%,,
Brandon Hagel,T.B,27,"LW,RW",251.9,4.66,54,19.5,1.5,22.8,29.6,52.4,144.9,1.3,4.8,34.7,41.0,9.3,4.2,16.6,26.6,38%,,
Bryan Rust,PIT,33,RW,251.2,4.57,55,19.6,2.7,20.9,26.1,47.1,141.0,4.1,14.9,49.2,34.5,-1.4,2.9,2.8,5.6,33%,,
Jake Sanderson,OTT,23,D,249.8,4.63,54,25.9,3.3,8.7,29.7,38.4,130.3,3.1,15.5,108.0,30.0,2.1,1.5,0.1,0.1,32%,,
Sebastian Aho,CAR,28,C,249.6,4.62,54,19.6,3.3,19.9,31.7,51.6,138.8,4.2,15.9,19.0,43.6,5.7,3.5,433.5,375.1,54%,,
Tage Thompson,BUF,28,"C,RW",249.1,4.61,54,18.0,3.3,24.8,20.7,45.6,177.4,5.7,12.7,22.2,54.1,-0.4,3.4,223.0,282.6,44%,,
Tim Stützle,OTT,23,"C,LW",248.9,4.61,54,21.2,3.3,17.1,32.4,49.5,128.3,2.8,16.5,39.6,83.4,2.2,2.9,203.5,213.1,49%,,
Cutter Gauthier,ANA,21,LW,248.5,4.69,53,18.5,2.5,20.6,23.8,44.5,182.3,3.7,9.1,29.6,49.1,1.5,2.9,27.9,43.2,39%,,
Alex Ovechkin,WSH,40,"LW,RW",247.7,4.76,52,17.8,3.9,26.1,23.4,49.5,156.3,7.0,14.7,12.5,82.0,4.3,4.7,0.5,1.9,22%,,
Clayton Keller,UTA,27,"LW,RW",247.4,4.76,52,18.5,2.9,18.3,30.9,49.2,141.7,4.0,17.4,23.1,12.3,0.1,2.8,10.1,16.1,39%,,
Brayden Point,T.B,29,C,247.4,4.58,54,18.5,3.9,23.8,26.3,50.2,128.9,9.4,19.4,26.0,17.6,6.3,4.3,248.0,280.6,47%,,
Kevin Fiala,L.A,29,LW,247.1,4.58,54,19.7,3.3,22.2,22.8,45.0,167.8,7.6,17.8,20.8,38.1,2.7,3.6,7.8,14.8,0%,,
Seth Jarvis,CAR,23,"C,LW,RW",246.3,4.56,54,19.6,3.2,24.7,23.0,47.7,152.1,5.1,11.4,31.4,64.7,5.4,4.4,53.2,82.9,39%,,
Brad Marchand,FLA,37,LW,245.2,4.54,54,18.9,3.5,21.9,25.8,47.6,149.1,4.3,14.9,25.7,54.7,2.0,3.6,7.0,12.7,36%,,
Mathew Barzal,NYI,28,"C,RW",243.8,4.69,52,21.4,3.8,16.1,30.6,46.8,144.1,3.2,12.6,37.8,35.0,1.1,2.3,118.9,175.6,0%,,
Jared McCann,SEA,29,"C,LW",242.8,4.34,56,17.4,3.7,18.9,27.0,45.8,147.7,5.2,16.1,30.4,44.2,-3.5,2.3,75.8,90.7,46%,,
Nazem Kadri,CGY,35,C,242.5,4.66,52,19.2,3.3,18.1,25.7,43.8,171.8,5.1,15.2,20.0,36.3,-3.8,2.3,360.3,392.4,48%,,
Leo Carlsson,ANA,20,C,242.5,4.58,53,20.9,3.2,21.8,28.6,50.4,128.8,4.4,12.5,28.7,20.1,-0.1,3.1,334.7,483.6,41%,,
Patrick Kane,DET,37,RW,240.4,4.54,53,17.7,3.5,15.7,30.3,46.0,142.3,6.4,21.8,19.0,20.9,-2.3,2.1,0.9,3.4,21%,,
Bo Horvat,NYI,30,C,239.3,4.60,52,20.7,3.6,22.1,21.5,43.6,167.4,5.2,11.7,26.4,46.8,-0.5,3.1,527.7,403.3,57%,,
Victor Hedman,T.B,34,D,238.9,4.42,54,21.9,3.2,7.6,34.8,42.4,103.2,2.4,18.3,83.8,33.9,7.5,1.4,0.0,0.0,0%,,
Matthew Schaefer,NYI,18,D,238.4,4.58,52,24.5,3.6,12.5,25.4,37.9,141.2,6.1,15.9,76.1,29.7,0.5,1.8,0.0,0.0,0%,,
Adam Fox,NYR,27,D,237.0,4.65,51,23.8,2.8,8.4,37.0,45.4,95.2,2.0,14.5,77.6,30.7,3.9,1.4,0.0,0.0,0%,,
Josh Morrissey,WPG,30,D,236.6,4.38,54,24.6,2.6,8.3,33.6,41.9,109.6,1.6,12.0,88.4,38.2,3.2,1.3,0.0,0.0,0%,,
J.T. Miller,NYR,32,"C,RW",236.0,4.63,51,20.6,3.0,17.6,32.0,49.6,114.8,4.3,14.7,30.5,116.3,1.4,3.0,481.7,352.7,58%,,
Drake Batherson,OTT,27,"LW,RW",234.7,4.35,54,18.8,3.0,19.1,28.1,47.2,129.6,6.6,16.6,23.2,85.9,2.1,3.2,15.0,16.4,48%,,
Tomas Hertl,VGK,32,"C,LW",231.3,4.28,54,17.3,3.5,22.8,20.8,43.6,133.6,10.8,18.3,30.8,66.6,4.2,4.0,455.5,337.8,57%,,
Carter Verhaeghe,FLA,30,LW,230.5,4.27,54,18.1,3.4,17.7,25.3,42.9,156.3,5.4,14.1,18.8,52.8,4.2,2.9,21.1,33.2,39%,,
Lane Hutson,MTL,21,D,228.9,4.24,54,23.6,3.1,6.4,37.3,43.6,80.3,1.3,16.3,83.1,31.3,0.5,0.9,0.0,0.0,0%,,
Joel Eriksson Ek,MIN,28,C,228.3,4.31,53,20.8,3.4,16.0,22.5,38.5,166.8,5.8,13.0,33.1,94.8,2.4,2.5,557.1,573.2,49%,,
Evgeni Malkin,PIT,39,"C,LW",227.9,4.14,55,17.4,3.0,15.1,30.4,45.5,123.3,4.1,16.7,26.3,27.2,-1.7,2.1,220.7,251.5,47%,,
Jakob Chychrun,WSH,27,D,227.8,4.38,52,23.4,3.0,13.6,21.7,35.3,150.5,4.8,11.9,69.6,45.9,5.1,2.4,0.0,0.0,0%,,
Dylan Strome,WSH,28,C,227.1,4.37,52,18.5,3.0,16.8,30.9,47.8,100.0,3.9,16.5,34.7,18.1,4.4,3.0,472.8,404.9,54%,,
Roope Hintz,DAL,29,C,226.8,4.36,52,17.1,2.9,18.4,27.3,45.6,121.0,5.5,16.6,25.5,40.5,6.6,3.4,321.6,259.2,55%,,
Mats Zuccarello,MIN,38,RW,226.5,4.27,53,19.1,3.5,13.6,31.8,45.4,119.9,2.9,15.5,29.9,26.3,0.7,2.1,17.6,24.9,0%,,
Mika Zibanejad,NYR,32,"C,RW",225.8,4.43,51,20.1,2.9,15.9,26.2,42.2,139.0,6.2,14.0,31.6,50.5,0.2,2.7,347.6,332.4,51%,,
Nikolaj Ehlers,CAR,29,"LW,RW",224.9,4.17,54,16.4,2.9,16.4,27.2,43.6,141.8,3.7,13.9,18.9,25.5,6.0,2.9,7.4,17.8,29%,,
Matthew Knies,TOR,23,LW,224.7,4.16,54,19.9,2.8,19.2,27.8,47.1,120.3,4.0,9.6,27.5,125.7,2.6,2.8,0.0,0.4,0%,,
Travis Konecny,PHI,28,"LW,RW",224.5,4.08,55,18.5,2.6,16.4,28.6,45.0,129.4,3.4,9.3,31.2,64.4,-2.3,2.4,23.0,39.3,37%,,
Miro Heiskanen,DAL,26,D,224.4,4.31,52,26.5,3.3,6.9,28.5,35.4,117.8,1.2,13.1,92.2,23.2,6.1,1.3,0.0,0.0,0%,,
Troy Terry,ANA,28,RW,223.9,4.22,53,19.9,3.3,15.2,30.1,45.2,136.2,2.7,10.1,20.0,9.5,-0.5,2.1,5.2,7.1,42%,,
Robert Thomas,STL,26,C,223.6,4.30,52,19.2,2.6,14.4,34.7,49.2,93.6,3.8,13.6,31.5,14.5,0.6,2.1,496.2,431.4,53%,,
Tom Wilson,WSH,31,RW,223.2,4.29,52,19.7,2.7,21.9,21.8,43.8,119.6,6.9,11.3,41.7,139.3,5.3,3.9,10.4,19.5,35%,,
Gabriel Vilardi,WPG,26,"C,RW",222.4,4.12,54,18.6,2.6,22.0,23.3,45.3,116.3,7.1,13.6,29.6,21.1,1.1,3.3,39.3,43.2,48%,,
Adam Fantilli,CBJ,21,C,222.4,4.20,53,19.8,2.9,22.2,18.8,41.0,149.5,4.3,7.4,34.7,64.6,-1.1,3.2,278.1,356.3,44%,,
Vince Dunn,SEA,29,D,222.0,3.96,56,22.8,3.1,9.7,28.1,37.8,126.0,2.3,12.9,65.5,32.9,-4.2,1.2,0.0,0.0,0%,,
Moritz Seider,DET,24,D,221.7,4.18,53,24.7,2.7,6.4,26.4,32.8,110.7,2.2,14.3,107.3,104.6,1.0,0.8,0.0,0.0,0%,,
Shayne Gostisbehere,CAR,32,D,220.8,4.09,54,21.0,3.3,6.8,33.4,40.2,101.4,2.9,18.9,61.3,37.6,6.0,1.2,0.0,0.0,0%,,
Dylan Guenther,UTA,22,RW,220.5,4.24,52,16.8,2.8,18.0,21.2,39.2,152.4,6.2,14.2,24.7,48.7,0.3,2.7,12.8,25.3,34%,,
Pavel Dorofeyev,VGK,25,RW,218.9,4.05,54,16.8,3.4,23.1,14.7,37.8,153.4,11.2,16.9,23.8,23.7,5.2,4.0,0.8,3.3,20%,,
Artturi Lehkonen,COL,30,"LW,RW",218.5,4.12,53,20.8,3.2,20.6,22.0,42.6,132.1,3.5,8.2,32.9,34.6,10.1,3.7,3.7,9.1,29%,,
Darren Raddysh,T.B,29,D,216.5,4.01,54,22.9,3.5,6.8,30.8,37.6,109.2,3.0,15.1,67.8,46.3,6.6,1.2,0.0,0.0,0%,,
Shea Theodore,VGK,30,D,215.8,4.00,54,24.0,1.1,5.6,30.7,36.4,113.7,0.8,5.5,88.8,13.1,6.4,1.0,0.0,0.0,0%,,
Tyler Bertuzzi,CHI,30,"LW,RW",215.8,4.07,53,18.7,3.4,22.1,20.6,42.8,119.5,10.7,19.3,16.8,48.2,-4.9,3.0,24.3,34.2,42%,,
Zach Hyman,EDM,33,"LW,RW",215.7,4.07,53,19.4,2.9,22.6,16.6,39.1,158.1,6.0,10.1,18.3,63.5,4.5,3.3,2.6,4.2,38%,,
Rickard Rakell,PIT,32,"C,LW,RW",215.0,3.91,55,17.8,2.3,18.3,21.8,40.1,123.2,3.8,9.0,48.2,67.9,-1.7,2.6,8.3,16.0,34%,,
Anton Lundell,FLA,24,C,213.2,3.95,54,19.4,2.7,14.1,25.2,39.4,129.4,3.3,10.7,39.3,67.8,2.7,2.3,479.3,415.5,54%,,
Jordan Eberle,SEA,35,RW,212.6,3.80,56,19.6,3.1,16.9,23.4,40.3,134.0,3.5,10.7,28.0,42.0,-3.8,2.1,17.7,23.1,43%,,
Vincent Trocheck,NYR,32,C,212.1,4.16,51,21.1,2.3,16.3,24.5,40.8,116.2,3.2,7.5,48.3,138.7,0.6,2.8,545.5,388.4,58%,,
Noah Dobson,MTL,25,D,212.0,3.93,54,23.0,1.5,6.9,24.9,31.8,114.5,0.4,5.9,107.1,43.7,0.2,1.0,0.0,0.0,0%,,
Brock Boeser,VAN,28,RW,211.9,4.00,53,19.9,3.5,20.9,20.0,40.9,128.0,6.2,13.8,22.8,44.2,-1.4,3.0,31.3,47.3,40%,,
Sean Monahan,CBJ,31,C,211.4,3.99,53,19.2,2.9,15.5,26.6,42.0,114.8,4.8,13.5,28.8,33.4,2.1,2.3,537.7,461.4,54%,,
William Eklund,S.J,23,LW,211.3,4.06,52,19.7,3.8,14.3,26.6,41.0,110.3,6.4,15.9,34.7,37.2,-5.6,1.8,14.0,42.1,25%,,
Will Smith,S.J,20,"C,RW",211.0,4.06,52,18.2,3.8,17.4,25.3,42.7,123.6,4.7,14.2,14.0,17.4,-5.5,2.2,25.5,54.0,32%,,
Alex Tuch,BUF,29,RW,210.5,3.90,54,17.6,1.5,17.6,20.9,38.5,121.2,1.4,4.7,59.2,49.8,0.3,2.4,29.4,41.9,41%,,
Frank Nazar,CHI,21,C,209.7,3.96,53,19.5,3.5,14.0,25.4,39.4,114.0,3.3,13.4,41.9,37.2,-5.6,1.9,291.9,370.0,44%,,
Andrei Svechnikov,CAR,25,"LW,RW",209.7,3.88,54,17.3,3.2,16.0,22.3,38.3,146.8,7.1,13.9,15.0,91.1,4.3,2.8,3.6,5.0,41%,,
Morgan Geekie,BOS,27,C,209.0,4.02,52,17.2,3.0,23.7,18.4,42.1,118.6,6.0,12.9,20.8,79.2,-2.4,3.3,120.5,145.0,45%,,
Anze Kopitar,L.A,38,C,208.0,3.85,54,18.8,3.2,15.0,28.1,43.1,85.5,4.9,15.2,41.5,27.4,2.8,2.4,557.0,434.3,56%,,
Mikael Granlund,ANA,33,"C,LW,RW",208.0,3.92,53,17.2,4.0,12.2,29.0,41.2,103.7,3.7,17.3,30.6,35.7,-0.6,1.7,283.5,295.0,49%,,
Jason Zucker,BUF,33,LW,207.6,3.84,54,16.3,3.2,18.0,22.1,40.2,124.8,9.0,16.7,16.0,56.1,-0.9,2.5,35.0,56.2,38%,,
Quinton Byfield,L.A,23,"C,LW",207.0,3.83,54,20.5,2.6,15.1,26.0,41.1,126.4,3.2,8.8,23.2,47.6,3.5,2.5,257.1,326.8,44%,,
Seth Jones,FLA,31,D,206.7,3.83,54,24.3,3.6,8.5,22.8,31.3,112.3,5.2,16.1,80.9,65.7,2.1,1.4,0.0,0.0,0%,,
Sam Bennett,FLA,29,C,206.5,3.82,54,18.2,2.7,16.8,20.0,36.8,145.9,4.4,9.5,27.1,102.1,3.5,2.8,343.8,391.7,47%,,
Trevor Zegras,PHI,24,C,205.8,3.74,55,17.9,2.7,15.7,24.7,40.4,124.1,4.3,11.2,22.4,35.8,-2.5,2.3,78.3,126.5,38%,,
Dougie Hamilton,N.J,32,D,203.9,3.85,53,21.9,2.3,7.8,21.0,28.8,140.5,4.2,10.7,73.5,60.6,1.1,1.1,0.0,0.0,0%,,
Conor Garland,VAN,29,RW,203.7,3.84,53,20.5,2.8,14.4,21.5,36.0,138.4,3.4,9.8,33.7,38.0,0.2,2.1,6.4,18.6,26%,,
Morgan Rielly,TOR,31,D,202.5,3.75,54,22.4,2.3,5.6,28.1,33.7,99.7,0.6,9.7,83.9,33.5,1.6,0.8,0.0,0.0,0%,,
Chris Kreider,ANA,34,LW,202.3,3.82,53,18.0,3.3,21.6,15.5,37.1,133.4,8.6,13.6,21.1,53.0,0.2,3.0,18.3,29.9,38%,,
Erik Karlsson,PIT,35,D,201.9,3.67,55,23.5,2.8,5.8,27.3,33.2,116.0,1.1,11.0,66.8,24.1,-0.9,0.8,0.0,0.0,0%,,
Mikhail Sergachev,UTA,27,D,201.6,3.88,52,24.0,2.7,7.6,24.5,32.1,95.2,2.0,13.0,89.5,38.8,-1.6,1.2,0.0,0.0,0%,,
Josh Norris,BUF,26,C,201.4,3.73,54,16.8,4.3,18.5,19.0,37.5,110.4,7.4,18.7,30.1,94.1,-2.0,2.5,340.8,302.5,53%,,
Aliaksei Protas,WSH,24,RW,201.3,3.87,52,19.1,0.2,18.7,23.4,42.1,113.0,0.1,0.5,36.0,25.2,6.1,3.4,15.0,32.9,31%,,
Ryan Nugent-Hopkins,EDM,32,"C,LW",200.9,3.79,53,18.4,3.0,13.9,25.7,39.6,103.1,4.6,17.6,25.7,25.7,2.0,2.0,157.3,170.2,48%,,
Owen Tippett,PHI,26,"LW,RW",200.9,3.65,55,16.4,2.2,16.4,17.8,34.2,150.5,1.9,5.1,36.1,85.4,-2.2,2.4,4.2,8.8,32%,,
Mason Marchment,SEA,30,LW,200.7,3.58,56,17.7,1.9,16.5,24.5,41.1,114.6,3.3,8.3,23.7,78.0,-4.0,2.0,17.6,23.0,43%,,
Brandon Montour,SEA,31,D,198.8,3.55,56,21.9,2.1,9.9,17.9,27.8,141.5,1.8,7.6,74.0,64.3,-5.4,1.2,0.0,0.0,0%,,
Jackson Lacombe,ANA,24,D,198.4,3.74,53,24.5,3.3,7.1,22.6,29.7,103.0,1.9,9.8,95.6,51.5,-0.9,1.0,0.0,0.2,0%,,
Dylan Cozens,OTT,24,C,198.3,3.67,54,18.0,2.9,14.1,21.7,35.8,130.9,5.3,12.2,26.5,136.5,1.1,2.4,347.7,353.3,50%,,
Ryan O'Reilly,NSH,34,C,197.8,3.66,54,19.6,2.4,15.4,22.8,38.2,102.7,4.5,9.0,45.6,19.4,-3.2,2.1,533.2,425.7,56%,,
Rasmus Andersson,CGY,29,D,197.4,3.80,52,24.2,2.8,7.3,19.2,26.4,111.1,1.7,8.4,108.3,33.1,-4.8,0.9,0.0,0.0,0%,,
John Carlson,WSH,35,D,195.6,3.76,52,22.3,2.6,5.2,25.9,31.1,104.6,1.3,8.8,82.6,33.9,4.2,0.9,0.0,0.0,0%,,
Kyle Palmieri,NYI,34,RW,194.9,3.75,52,18.6,3.2,15.9,18.9,34.9,133.5,4.7,10.9,25.2,39.4,-2.0,2.2,6.6,9.4,41%,,
Jake Debrusk,VAN,29,"LW,RW",194.0,3.66,53,18.1,3.4,18.0,14.4,32.4,135.7,9.9,15.1,27.3,53.9,-1.5,2.6,9.0,14.7,38%,,
Dylan Holloway,STL,24,"LW,RW",193.0,3.71,52,16.8,2.1,16.1,21.1,37.2,113.6,3.1,8.0,33.0,111.7,0.7,2.4,19.8,18.0,52%,,
Nick Schmaltz,UTA,29,"C,RW",192.9,3.71,52,18.6,2.5,13.8,23.4,37.3,108.4,4.4,10.6,32.7,15.9,-0.2,2.1,128.2,157.0,0%,,
Thomas Harley,DAL,24,D,192.3,3.70,52,23.0,1.6,8.7,22.0,30.7,95.5,0.5,7.0,90.9,30.0,5.6,1.6,0.0,0.0,0%,,
Mackenzie Weegar,CGY,31,D,192.1,3.69,52,23.1,1.9,6.4,18.2,24.6,110.6,1.3,7.4,111.2,120.0,-4.8,0.8,0.0,0.2,0%,,
Matty Beniers,SEA,23,C,191.7,3.42,56,20.4,2.9,13.8,21.7,35.4,103.6,4.2,8.9,49.6,32.3,-4.3,1.7,395.6,435.8,0%,,
Teuvo Teravainen,CHI,31,"LW,RW",191.6,3.62,53,19.4,2.7,13.8,25.9,39.8,84.6,5.4,15.8,28.3,26.6,-4.9,1.9,49.7,65.6,43%,,
Thomas Chabot,OTT,28,D,191.0,3.54,54,21.9,2.2,6.5,22.5,29.0,100.2,1.2,7.4,92.9,43.6,2.8,1.1,0.0,0.0,0%,,
Brock Nelson,COL,34,C,190.3,3.59,53,18.1,1.9,17.5,18.8,36.3,115.7,2.5,5.3,36.3,29.5,8.2,3.1,380.2,390.1,49%,,
Beckett Sennecke,ANA,19,RW,190.0,3.59,53,16.9,1.7,15.8,24.9,40.7,103.5,2.1,5.7,20.8,51.5,0.7,2.2,1.9,1.9,50%,,
Juraj Slafkovsky,MTL,21,"LW,RW",189.9,3.52,54,18.0,2.7,14.3,20.7,35.0,104.4,5.3,10.0,45.3,109.7,0.9,2.0,10.3,19.2,35%,,
Brandt Clarke,L.A,22,D,188.0,3.48,54,20.4,2.1,6.4,21.2,27.6,112.6,1.2,5.9,85.7,33.8,4.0,1.0,0.0,0.0,0%,,
Jj Peterka,UTA,23,"LW,RW",185.2,3.56,52,16.6,1.8,17.4,20.5,37.8,117.7,2.3,5.6,14.4,20.4,1.1,2.6,2.9,10.6,22%,,
Luke Evangelista,NSH,23,RW,185.1,3.43,54,16.9,2.6,11.0,23.8,34.8,128.3,2.4,9.8,13.3,25.2,-1.9,1.5,0.2,2.4,0%,,
Steven Stamkos,NSH,35,"C,LW,RW",184.8,3.42,54,17.1,2.8,17.4,16.1,33.5,117.3,6.9,12.1,26.9,44.7,-5.1,2.4,208.3,184.9,53%,,
Ivan Demidov,MTL,19,RW,184.7,3.42,54,15.6,2.4,13.2,26.4,39.6,83.6,2.5,11.4,25.4,33.4,0.2,1.9,0.0,0.4,0%,,
Valeri Nichushkin,COL,30,"LW,RW",183.6,3.46,53,17.2,2.0,18.5,16.6,35.1,120.7,4.7,7.9,20.4,57.2,7.6,3.3,2.2,2.1,52%,,
Jonathan Marchessault,NSH,34,RW,183.0,3.39,54,16.7,2.6,15.4,17.5,32.9,133.4,3.5,10.0,15.1,63.1,-5.1,2.1,7.8,20.2,28%,,
Jack Roslovic,EDM,28,"C,RW",182.9,3.45,53,17.3,1.8,17.3,18.5,35.8,120.9,2.2,5.4,19.1,20.0,1.3,2.5,84.4,79.3,52%,,
Shane Pinto,OTT,25,C,182.5,3.38,54,18.5,1.5,17.8,15.2,33.0,119.6,1.9,3.3,40.6,61.2,3.6,3.0,326.0,310.9,51%,,
Jordan Kyrou,STL,27,RW,182.1,3.50,52,15.2,2.2,17.0,16.4,33.4,123.9,3.5,9.1,21.3,24.2,0.8,2.5,0.7,2.5,21%,,
Anthony Cirelli,T.B,28,C,181.7,3.36,54,18.3,1.3,16.4,18.9,35.3,100.6,2.4,4.0,42.8,28.2,8.0,3.0,389.1,396.2,50%,,
Evander Kane,VAN,34,LW,180.8,3.41,53,17.2,1.9,12.8,18.2,30.9,139.0,2.9,7.0,22.9,97.0,-1.6,1.8,18.5,25.9,42%,,
Jonathan Huberdeau,CGY,32,"C,LW",180.3,3.47,52,18.2,3.0,13.8,21.3,35.1,91.9,4.5,12.2,33.9,32.5,-3.7,1.7,7.4,11.0,40%,,
Jonathan Drouin,NYI,30,"LW,RW",179.5,3.45,52,18.6,3.2,11.9,26.4,38.3,84.5,2.6,10.7,23.1,21.8,-0.4,1.7,47.7,53.2,47%,,
Charlie McAvoy,BOS,27,D,179.0,3.44,52,23.1,3.5,5.9,22.3,28.2,84.0,1.3,9.4,86.0,74.2,-3.0,0.8,0.0,0.0,0%,,
Logan Cooley,UTA,21,C,178.9,3.44,52,16.5,2.0,16.8,20.0,36.7,99.5,3.3,8.3,21.3,48.9,0.7,2.6,209.8,291.5,42%,,
Will Cuylle,NYR,23,"LW,RW",177.8,3.49,51,17.4,2.3,15.2,15.7,30.8,116.5,4.8,7.9,38.4,164.8,0.7,2.6,12.4,24.6,34%,,
Dmitri Voronkov,CBJ,25,LW,177.8,3.35,53,16.1,2.9,16.8,17.1,33.9,109.5,6.6,9.5,23.8,63.2,2.1,2.4,59.6,100.7,37%,,
Travis Sanheim,PHI,29,D,177.6,3.23,55,24.6,1.6,5.6,19.8,25.4,89.0,0.2,4.5,104.9,47.6,-2.9,0.8,0.0,0.0,0%,,
Dawson Mercer,N.J,24,"C,RW",177.4,3.35,53,19.0,2.7,15.9,15.6,31.6,108.4,4.9,9.4,38.3,30.8,0.9,2.3,98.6,134.3,42%,,
Noah Hanifin,VGK,28,D,177.4,3.29,54,23.2,0.8,6.4,18.8,25.2,109.4,1.0,3.6,87.0,33.4,4.8,1.1,0.0,0.0,0%,,
Matvei Michkov,PHI,20,RW,177.3,3.22,55,14.9,2.3,15.0,19.7,34.8,112.8,3.8,8.4,16.2,30.4,-2.1,2.2,4.7,9.1,34%,,
Ben Kindel,PIT,18,C,177.2,3.22,55,15.5,2.6,14.9,11.6,26.5,115.5,7.6,14.5,50.9,38.8,-1.6,2.1,156.2,186.1,46%,,
Josh Doan,BUF,23,RW,176.9,3.28,54,15.7,2.4,13.6,17.8,31.5,129.0,3.9,9.0,18.0,53.2,0.7,1.9,16.3,20.1,45%,,
Chandler Stephenson,SEA,31,C,176.8,3.16,56,19.3,3.0,11.5,24.9,36.5,73.4,2.8,12.5,36.4,22.3,-7.2,1.4,524.5,493.3,52%,,
Anders Lee,NYI,35,LW,176.5,3.39,52,16.3,1.9,14.9,15.5,30.4,132.7,2.4,4.6,28.7,66.9,0.3,2.1,20.6,24.3,46%,,
Brock Faber,MIN,23,D,176.5,3.33,53,25.2,1.6,7.2,17.4,24.6,98.3,0.8,6.0,94.8,29.0,-0.2,1.1,0.0,0.0,0%,,
Claude Giroux,OTT,37,"LW,RW",176.2,3.26,54,18.2,2.4,10.8,23.7,34.5,99.7,2.1,10.6,24.4,44.0,2.4,1.8,360.2,224.9,62%,,
Pavel Buchnevich,STL,30,"C,LW,RW",174.7,3.36,52,18.1,2.6,13.3,21.4,34.7,101.2,3.3,9.4,20.9,33.3,-0.9,2.0,21.8,33.7,39%,,
Matt Coronato,CGY,23,RW,174.1,3.35,52,16.4,3.0,15.1,14.7,29.8,127.9,5.0,10.4,20.5,20.1,-4.3,1.9,40.1,63.6,39%,,
Ivan Provorov,CBJ,28,D,173.8,3.28,53,27.2,1.2,5.5,19.4,24.9,92.7,0.4,3.4,98.5,33.4,0.1,0.8,0.0,0.0,0%,,
Filip Hronek,VAN,28,D,173.7,3.28,53,24.3,1.5,4.3,25.4,29.7,81.1,0.8,6.2,75.5,77.8,0.9,0.6,0.1,0.1,40%,,
Jaden Schwartz,SEA,33,"C,LW",172.8,3.09,56,16.9,1.7,15.6,15.2,30.8,113.1,3.4,5.7,36.1,44.5,-5.3,1.9,37.5,30.7,55%,,
Mike Matheson,MTL,31,D,172.6,3.20,54,24.9,0.3,5.1,17.8,22.9,88.9,0.2,1.2,116.3,43.4,-1.2,0.7,0.0,0.0,0%,,
Jack Quinn,BUF,24,RW,171.7,3.18,54,17.1,2.3,13.4,19.4,32.8,106.9,3.0,7.6,24.8,36.3,-1.4,1.8,1.5,9.6,13%,,
Justin Faulk,STL,33,D,171.4,3.30,52,22.2,2.0,4.6,20.4,25.0,92.0,1.6,7.7,85.6,52.0,-2.0,0.7,0.0,0.0,0%,,
Matt Duchene,DAL,34,"C,RW",171.3,3.29,52,14.7,1.5,14.3,22.6,36.8,84.2,3.0,8.3,20.6,23.4,5.1,2.6,213.3,182.4,54%,,
Kiefer Sherwood,VAN,30,"C,LW",170.7,3.22,53,17.4,2.2,16.4,15.2,31.5,113.2,3.3,7.1,24.9,241.4,-1.2,2.4,18.0,24.1,43%,,
Mason McTavish,ANA,22,C,170.6,3.22,53,16.0,1.9,13.8,19.9,33.7,102.7,2.6,6.0,24.6,50.3,-0.3,1.9,339.5,331.6,51%,,
Mattias Ekholm,EDM,35,D,170.4,3.21,53,20.9,0.6,5.5,19.0,24.5,106.5,0.8,2.4,82.3,46.9,3.3,0.8,0.0,0.0,0%,,
Nick Paul,T.B,30,"C,LW",170.2,3.15,54,16.7,2.8,16.1,16.5,32.7,103.2,4.3,8.6,23.8,52.4,5.9,2.9,313.8,289.4,50%,,
Luke Hughes,N.J,22,D,170.1,3.21,53,23.5,1.4,4.8,22.8,27.6,101.8,0.6,7.2,58.2,22.9,-0.1,0.7,0.0,0.2,0%,,
Andre Burakovsky,CHI,30,LW,170.0,3.21,53,17.3,2.9,11.6,21.9,33.6,93.4,3.0,11.5,22.2,25.4,-4.6,1.6,2.8,4.6,38%,,
Boone Jenner,CBJ,32,"C,LW",169.8,3.20,53,16.1,1.4,12.4,17.7,30.1,110.7,2.6,4.8,38.8,83.2,0.4,1.8,279.8,241.0,54%,,
Jackson Blake,CAR,22,RW,169.2,3.13,54,16.7,2.4,14.2,16.6,30.9,119.1,2.5,6.2,21.8,19.5,6.2,2.5,4.4,8.9,46%,,
Dmitry Orlov,S.J,34,D,169.0,3.25,52,20.9,2.9,3.8,26.0,29.8,80.1,0.6,13.9,51.1,64.3,-5.3,0.5,0.0,0.0,0%,,
Marco Rossi,MIN,24,C,168.8,3.19,53,18.1,1.7,13.8,19.9,33.7,93.2,2.1,7.0,28.1,37.9,2.1,2.2,286.1,331.7,46%,,
Ivan Barbashev,VGK,29,LW,168.7,3.12,54,16.2,0.6,16.0,20.9,36.9,87.5,0.9,1.6,25.5,82.5,6.1,2.8,12.7,23.4,35%,,
John Klingberg,S.J,33,D,168.6,3.24,52,21.0,3.4,7.7,18.8,26.5,83.7,4.7,13.3,68.2,39.2,-5.7,1.0,0.0,0.0,0%,,
Elias Lindholm,BOS,31,C,168.4,3.24,52,16.5,2.5,10.3,20.1,30.4,91.7,3.4,9.9,42.6,60.5,-3.7,1.4,447.1,355.5,56%,,
Jake Walman,EDM,29,D,168.1,3.17,53,19.7,0.6,6.7,16.8,23.5,94.5,0.3,1.7,97.1,41.0,1.2,1.0,0.0,0.0,0%,,
Oliver Bjorkstrand,T.B,30,RW,167.6,3.10,54,14.1,3.5,11.8,18.9,30.6,100.6,5.7,14.8,21.2,47.0,6.4,2.1,5.2,10.3,0%,,
Michael Bunting,NSH,30,LW,166.5,3.08,54,15.0,2.7,13.5,18.4,31.9,97.6,6.5,14.0,16.2,40.4,-4.8,1.9,5.4,10.8,34%,,
Pavel Zacha,BOS,28,"C,LW",166.3,3.20,52,17.4,2.9,11.6,22.6,34.2,85.6,3.6,11.1,19.7,47.8,-3.1,1.6,304.9,265.2,53%,,
Darnell Nurse,EDM,30,D,166.1,3.13,53,20.6,0.5,5.0,14.7,19.7,114.5,0.1,1.2,97.2,87.2,1.8,0.7,0.0,0.0,0%,,
Kris Letang,PIT,38,D,165.8,3.01,55,21.6,1.5,5.4,18.8,24.3,99.1,1.4,6.4,74.1,72.2,-2.1,0.8,0.0,0.0,0%,,
Tyler Seguin,DAL,33,"C,RW",165.5,3.18,52,15.7,1.9,15.6,20.7,36.3,86.1,2.9,6.1,14.9,35.6,5.5,2.9,236.3,195.4,55%,,
Artyom Levshunov,CHI,20,D,164.7,3.11,53,17.8,3.4,2.3,26.3,28.6,68.1,0.8,18.0,53.7,50.0,-5.0,0.3,0.0,0.0,0%,,
Cam Fowler,STL,34,D,164.1,3.16,52,22.0,2.5,4.7,23.2,27.9,74.2,1.6,11.5,63.5,18.2,-2.2,0.7,0.0,0.0,0%,,
Noah Cates,PHI,26,C,164.1,2.98,55,17.1,2.2,11.8,17.4,29.2,99.3,2.1,6.5,40.9,56.6,-2.1,1.8,309.4,402.6,43%,,
Connor McMichael,WSH,24,LW,164.0,3.15,52,17.7,1.4,12.9,17.5,30.4,108.0,1.8,4.0,29.7,27.7,3.7,2.3,216.9,272.8,44%,,
Ryan Hartman,MIN,31,"C,RW",164.0,3.09,53,16.3,2.1,11.6,14.0,25.6,120.2,3.2,6.3,41.3,56.2,0.3,1.8,278.0,323.1,46%,,
Tyler Toffoli,S.J,33,"LW,RW",163.0,3.13,52,14.5,2.5,15.1,14.4,29.5,113.4,3.5,7.5,20.8,37.7,-4.6,1.9,7.5,10.0,43%,,
Oliver Ekman-Larsson,TOR,34,D,163.0,3.02,54,21.7,1.9,5.5,21.5,27.0,91.2,1.0,5.9,61.0,74.9,2.5,0.8,0.0,0.0,0%,,
Hampus Lindholm,BOS,31,D,162.7,3.13,52,23.7,2.5,4.5,18.9,23.4,86.5,1.6,7.1,84.3,30.8,-3.9,0.6,0.0,0.0,0%,,
Gabriel Landeskog,COL,33,LW,162.5,3.07,53,16.5,2.3,11.6,18.1,29.8,111.8,2.6,5.8,22.9,70.6,8.0,2.1,72.1,50.1,59%,,
Cole Perfetti,WPG,23,"C,LW,RW",162.4,3.01,54,15.2,2.1,12.2,17.7,29.9,100.4,3.6,9.1,26.7,42.1,0.9,1.9,15.8,28.7,36%,,
Anthony Mantha,PIT,31,RW,161.9,2.94,55,15.0,1.5,15.8,16.2,32.0,90.4,2.4,5.1,31.3,35.7,0.0,2.2,3.1,9.6,24%,,
Simon Nemec,N.J,21,D,161.9,3.05,53,22.1,1.9,7.0,17.1,24.1,86.2,0.3,4.1,84.8,29.5,-0.9,1.0,0.0,0.0,0%,,
K'andre Miller,CAR,25,D,161.8,3.00,54,22.7,1.6,5.9,18.7,24.6,91.0,0.9,4.6,75.7,78.8,4.0,1.0,0.0,1.0,0%,,
Tyson Foerster,PHI,23,"LW,RW",161.6,2.94,55,16.7,2.1,17.1,11.6,28.7,103.1,3.2,5.2,37.8,52.8,-1.4,2.5,0.6,2.4,19%,,
Trevor Moore,L.A,30,"LW,RW",161.1,2.98,54,16.0,1.0,13.4,15.6,29.0,114.5,0.7,2.1,29.7,40.8,3.4,2.2,3.6,16.1,18%,,
Neal Pionk,WPG,30,D,161.0,2.98,54,21.7,1.3,4.8,17.6,22.3,94.0,1.6,5.5,82.9,93.2,0.5,0.7,0.0,0.0,0%,,
Devon Toews,COL,31,D,160.7,3.03,53,22.2,1.0,6.0,20.9,26.9,88.2,0.3,1.6,68.6,33.3,8.5,1.1,0.0,0.0,0%,,
Alex Laferriere,L.A,24,RW,160.2,2.97,54,17.0,1.7,12.9,14.0,26.9,120.8,1.2,3.1,31.6,99.9,3.3,2.1,54.3,70.4,44%,,
Alexander Wennberg,S.J,31,C,160.2,3.08,52,20.6,3.8,10.5,18.7,29.2,69.3,4.6,10.6,54.9,21.6,-5.2,1.3,390.0,438.9,47%,,
Logan Stankoven,CAR,22,"C,RW",160.2,2.97,54,15.8,1.8,10.9,16.4,27.4,126.2,1.4,4.4,21.2,32.5,5.2,1.9,213.8,244.3,47%,,
Jaccob Slavin,CAR,31,D,158.8,2.94,54,22.6,0.1,4.5,17.8,22.4,89.5,0.0,0.1,93.8,25.5,5.3,0.8,0.0,0.0,0%,,
Eeli Tolvanen,SEA,26,"LW,RW",158.7,2.83,56,14.9,2.0,13.0,14.5,27.5,94.1,2.8,7.8,42.9,142.4,-5.5,1.6,2.9,5.9,33%,,
Aaron Ekblad,FLA,29,D,158.5,2.94,54,22.2,2.1,3.5,19.5,23.0,90.4,0.9,6.1,76.4,70.7,2.4,0.6,0.0,0.0,0%,,
Sean Couturier,PHI,33,C,157.9,2.87,55,17.0,1.4,9.7,19.5,29.2,97.1,1.0,2.7,38.4,43.7,-1.5,1.4,468.0,390.3,55%,,
Colton Parayko,STL,32,D,157.4,3.03,52,22.4,0.2,7.0,13.4,20.4,79.0,0.0,0.4,112.8,57.1,-0.6,1.0,0.0,0.0,0%,,
Mackie Samoskevich,FLA,23,RW,157.3,2.91,54,15.5,1.9,10.6,16.2,26.8,111.2,3.1,8.1,26.4,100.9,2.0,1.7,0.0,0.5,0%,,
William Karlsson,VGK,32,C,157.2,2.91,54,15.1,0.9,11.6,15.2,26.9,107.9,1.4,3.7,37.8,29.5,4.6,2.0,362.2,270.3,57%,,
Gustav Forsling,FLA,29,D,156.9,2.90,54,22.3,0.3,6.1,17.4,23.5,102.8,0.1,0.6,68.7,55.3,4.2,1.0,0.0,0.0,0%,,
Morgan Frost,CGY,26,C,156.8,3.02,52,15.8,3.1,10.4,17.1,27.5,95.6,2.8,10.3,32.5,42.3,-3.7,1.3,338.2,316.1,48%,,
Esa Lindell,DAL,31,D,156.8,3.02,52,25.0,0.8,4.5,16.0,20.6,72.4,0.6,1.4,115.1,38.6,6.9,0.8,0.0,0.0,0%,,
Cam York,PHI,24,D,156.8,2.85,55,22.5,1.8,4.5,16.9,21.4,67.0,0.8,6.5,105.1,39.0,-3.3,0.7,0.0,0.0,0%,,
Alexis Lafrenière,NYR,24,"LW,RW",156.5,3.07,51,16.8,1.2,12.4,17.6,30.1,104.8,1.2,2.5,22.5,75.0,1.1,2.1,7.5,20.8,27%,,
Ross Colton,COL,29,"C,LW",156.1,2.95,53,14.4,1.3,11.9,14.7,26.6,113.3,1.9,3.4,32.2,117.3,7.7,2.1,97.7,105.2,48%,,
Ryan McLeod,BUF,26,C,156.0,2.89,54,18.0,1.5,12.6,20.5,33.1,79.1,0.8,4.9,24.4,23.0,-0.5,1.7,411.2,406.6,50%,,
Sean Walker,CAR,31,D,155.9,2.89,54,22.3,1.4,5.7,12.6,18.3,116.9,0.2,2.0,81.2,78.5,4.6,1.0,0.0,0.0,0%,,
Viktor Arvidsson,BOS,32,"LW,RW",155.9,3.00,52,14.6,2.4,12.5,12.8,25.2,125.0,2.1,6.2,22.9,29.0,-3.5,1.7,11.2,17.1,0%,,
Pierre-Luc Dubois,WSH,27,"C,LW",155.9,3.00,52,15.5,1.9,10.5,19.6,30.1,85.6,2.8,6.6,32.1,43.4,4.6,1.9,306.4,313.6,49%,,
Blake Coleman,CGY,34,"C,LW,RW",155.8,3.00,52,17.0,0.4,11.9,13.7,25.7,116.1,0.6,0.8,40.0,109.6,-3.3,1.5,19.5,23.2,46%,,
Jiri Kulich,BUF,21,C,155.8,2.89,54,16.4,1.6,14.4,11.9,26.3,111.4,0.9,2.2,38.2,41.3,-1.0,2.0,280.6,352.3,44%,,
Jonas Brodin,MIN,32,D,154.8,2.92,53,22.8,0.1,5.3,16.0,21.2,73.0,0.0,0.2,108.7,25.1,2.1,0.8,0.0,0.0,0%,,
Brady Skjei,NSH,31,D,154.8,2.87,54,22.1,1.3,5.6,16.9,22.5,96.5,0.8,6.1,65.9,44.7,-5.7,0.8,0.0,0.0,0%,,
Erik Haula,NSH,34,"C,LW",154.5,2.86,54,17.2,2.1,10.4,16.7,27.1,96.1,2.8,10.2,30.1,77.7,-4.5,1.4,356.8,310.0,54%,,
Arseny Gritsyuk,N.J,24,RW,154.2,2.91,53,15.6,1.0,11.4,15.2,26.5,123.6,2.3,3.2,19.2,56.2,1.7,1.7,7.6,7.6,50%,,
Drew Doughty,L.A,36,D,154.0,2.85,54,21.4,1.6,6.5,18.2,24.7,71.2,1.0,5.4,77.9,45.0,3.3,1.1,0.0,0.0,0%,,
Nick Blankenburg,NSH,27,D,153.9,2.85,54,18.4,2.6,7.2,16.6,23.9,80.5,4.8,13.7,56.7,48.3,-4.3,1.0,0.0,3.2,0%,,
Ryan Donato,CHI,29,"LW,RW",153.7,2.90,53,15.2,1.4,14.9,15.0,29.9,105.6,1.9,4.5,13.4,65.4,-4.6,2.0,112.2,137.6,45%,,
Charlie Coyle,CBJ,33,"C,RW",153.7,2.90,53,17.8,1.3,11.7,18.6,30.3,81.7,1.6,3.9,36.2,72.7,0.9,1.7,390.3,391.0,50%,,
Cole Sillinger,CBJ,22,"C,RW",153.5,2.90,53,17.2,1.1,9.1,18.1,27.1,110.1,1.0,2.2,29.6,63.1,0.1,1.3,151.1,202.0,43%,,
Zachary Bolduc,MTL,22,RW,153.3,2.84,54,13.8,2.1,15.1,13.2,28.3,90.1,6.2,10.7,25.1,78.3,0.4,2.1,11.0,18.1,38%,,
Evan Rodrigues,FLA,32,"C,LW,RW",153.2,2.84,54,17.4,1.7,11.9,13.9,25.8,119.5,1.9,5.1,21.7,71.8,3.4,2.0,166.8,190.6,47%,,
Jake McCabe,TOR,32,D,152.6,2.83,54,22.3,0.3,4.4,16.7,21.1,59.1,0.2,0.6,118.2,90.6,3.3,0.6,0.0,0.0,0%,,
Filip Chytil,VAN,26,C,152.6,2.88,53,15.6,1.1,13.3,12.9,26.2,122.4,0.8,2.9,19.9,30.3,-0.1,1.9,264.4,306.0,46%,,
Vladimir Tarasenko,MIN,33,"LW,RW",152.2,2.87,53,14.6,2.9,9.0,18.2,27.2,95.2,2.5,11.5,23.3,44.6,0.5,1.4,0.3,1.4,20%,,
Jake Neighbours,STL,23,"LW,RW",151.6,2.91,52,15.1,2.0,15.6,13.9,29.5,83.4,2.9,6.7,29.3,98.7,-1.3,2.3,5.3,6.0,47%,,
Ryan Leonard,WSH,20,RW,151.3,2.91,52,13.7,2.1,11.0,15.9,26.8,105.4,2.4,8.6,18.9,76.3,3.7,2.0,10.4,5.6,65%,,
Zach Benson,BUF,20,LW,149.9,2.78,54,16.6,2.2,8.2,19.7,28.0,95.0,2.0,6.2,24.6,29.8,-0.2,1.1,4.1,11.0,27%,,
Brayden Schenn,STL,34,C,149.4,2.87,52,16.5,1.9,12.1,17.8,29.8,84.6,1.7,5.4,24.5,107.3,-1.2,1.8,285.2,260.5,52%,,
Philip Broberg,STL,24,D,149.2,2.87,52,23.8,0.3,5.0,15.2,20.2,82.4,0.1,0.7,93.5,32.7,0.8,0.7,0.0,0.0,0%,,
Simon Edvinsson,DET,22,D,148.1,2.79,53,22.5,0.2,5.6,15.4,21.0,67.1,0.0,0.2,102.6,61.5,0.1,0.7,0.0,0.0,0%,,
Mikael Backlund,CGY,36,C,147.5,2.84,52,18.3,1.2,9.9,14.8,24.7,115.3,0.7,2.0,27.4,32.5,-3.3,1.2,486.8,491.4,50%,,
Emmitt Finnie,DET,20,"C,LW",147.4,2.78,53,16.3,1.4,11.3,14.6,25.9,94.1,2.5,6.2,33.0,91.8,-1.4,1.5,12.6,27.1,32%,,
Marcus Johansson,MIN,35,LW,146.3,2.76,53,17.0,1.5,10.8,18.0,28.8,88.2,2.1,5.6,20.6,33.6,0.7,1.7,5.5,14.6,27%,,
Emil Heineman,NYI,24,LW,145.7,2.80,52,16.4,1.4,13.9,11.4,25.4,97.5,2.4,4.1,33.7,170.5,-1.8,2.0,4.0,6.9,37%,,
Max Domi,TOR,30,"C,LW",145.3,2.69,54,14.7,1.6,7.4,20.2,27.6,89.1,0.7,5.3,25.2,32.5,1.5,1.1,191.9,188.5,50%,,
Patrik Laine,MTL,27,"LW,RW",145.0,2.68,54,12.6,2.4,13.8,11.4,25.2,92.7,8.3,11.8,22.3,36.3,-1.2,2.0,27.2,33.8,45%,,
Jimmy Snuggerud,STL,21,RW,144.9,2.79,52,15.3,2.1,10.6,14.8,25.4,93.3,3.8,7.5,29.4,48.3,-2.1,1.6,3.1,0.7,0%,,
Vladislav Gavrikov,NYR,30,D,144.9,2.84,51,24.2,0.1,5.3,15.4,20.7,76.3,0.0,0.2,89.2,32.3,1.9,0.9,0.0,0.0,0%,,
Jacob Trouba,ANA,31,D,144.7,2.73,53,21.3,0.3,3.0,12.3,15.3,82.1,0.1,0.5,114.5,103.9,-1.2,0.4,0.0,0.0,0%,,
Mattias Samuelsson,BUF,25,D,143.6,2.66,54,22.8,0.0,5.3,12.5,17.8,73.9,0.0,0.1,106.0,82.0,-0.3,0.7,0.0,0.0,0%,,
Dylan Samberg,WPG,26,D,143.3,2.65,54,21.4,0.1,3.4,13.9,17.2,77.2,0.0,0.5,105.1,55.1,1.2,0.5,0.0,0.0,0%,,
Corey Perry,L.A,40,RW,143.2,2.65,54,13.1,2.7,13.8,12.5,26.4,90.6,4.5,10.6,16.3,31.3,3.3,2.3,6.0,10.3,37%,,
Victor Olofsson,COL,30,"LW,RW",142.9,2.70,53,13.3,2.2,11.0,14.7,25.7,98.3,4.1,8.4,16.5,25.5,7.1,2.0,0.8,5.2,14%,,
Bowen Byram,BUF,24,D,142.8,2.64,54,20.9,1.8,6.7,16.7,23.3,68.9,0.7,3.5,69.7,43.7,-1.8,0.9,0.0,0.0,0%,,
Sean Durzi,UTA,27,D,142.7,2.74,52,20.1,1.3,4.8,15.3,20.1,73.6,0.9,3.9,83.4,38.6,-0.4,0.7,0.0,0.0,0%,,
Christian Dvorak,PHI,29,C,142.4,2.59,55,16.6,0.2,10.2,16.4,26.6,84.4,0.2,0.4,40.0,36.1,-2.8,1.5,372.6,296.4,56%,,
Matt Roy,WSH,30,D,142.1,2.73,52,21.3,0.1,2.8,14.8,17.7,73.9,0.0,0.2,104.1,73.4,5.4,0.5,0.0,0.0,0%,,
Andrei Kuzmenko,L.A,29,"LW,RW",141.2,2.61,54,14.3,3.2,11.1,16.6,27.7,75.6,5.1,12.3,16.2,30.0,1.7,1.8,0.3,0.1,80%,,
Brent Burns,COL,40,D,141.1,2.66,53,19.3,0.9,4.4,14.2,18.6,98.8,0.4,2.6,66.7,22.7,7.7,0.8,0.0,0.0,0%,,
Joel Farabee,CGY,25,"LW,RW",141.0,2.71,52,16.9,0.8,11.3,11.8,23.0,103.0,0.5,1.8,37.1,53.0,-3.9,1.4,15.4,24.8,45%,,
Bobby McMann,TOR,29,LW,140.8,2.61,54,14.1,0.9,13.8,10.5,24.3,107.4,1.5,2.9,22.7,106.8,2.4,2.0,3.7,6.7,36%,,
Thomas Novak,PIT,28,C,140.2,2.55,55,13.8,1.4,11.6,15.1,26.7,82.3,2.8,6.6,24.5,20.4,-0.7,1.6,88.8,126.6,41%,,
Jamie Benn,DAL,36,"C,LW",139.9,2.69,52,13.0,1.1,10.6,17.4,28.0,78.2,1.0,4.0,25.2,71.9,5.1,1.9,176.5,129.5,58%,,
Jared Spurgeon,MIN,36,D,139.8,2.64,53,20.1,1.5,3.9,14.5,18.4,68.7,0.8,5.3,90.1,56.4,1.0,0.6,0.0,0.0,0%,,
Shane Wright,SEA,21,C,139.6,2.49,56,13.3,1.6,11.6,15.3,26.9,69.5,3.2,6.2,36.1,46.8,-4.2,1.4,196.1,257.5,43%,,
Fabian Zetterlund,OTT,26,RW,139.5,2.58,54,14.7,1.5,11.3,11.3,22.5,97.9,2.7,4.9,35.9,85.4,2.2,1.9,12.3,14.7,45%,,
Jordan Spence,OTT,24,D,139.4,2.58,54,19.0,1.5,3.1,20.4,23.6,73.7,0.4,4.2,55.2,55.2,4.6,0.5,0.0,0.0,0%,,
Brayden McNabb,VGK,34,D,138.7,2.57,54,21.7,0.0,3.2,11.7,14.9,61.4,0.0,0.1,126.4,87.7,5.2,0.6,0.0,0.0,0%,,
Taylor Hall,CAR,34,LW,138.7,2.57,54,13.9,1.8,11.1,14.8,25.9,88.5,2.6,4.9,23.6,35.1,4.4,2.0,24.2,27.3,47%,,
Bobby Brink,PHI,24,RW,138.3,2.51,55,14.8,2.0,10.4,15.8,26.2,85.9,2.3,4.7,24.0,64.4,-3.3,1.5,14.4,26.1,36%,,
Nino Niederreiter,WPG,33,LW,137.8,2.55,54,14.1,1.6,10.9,13.3,24.2,93.2,2.4,6.7,23.8,84.4,0.4,1.7,10.7,11.9,47%,,
Zeev Buium,MIN,20,D,137.7,2.60,53,18.0,3.1,5.3,19.1,24.4,58.3,3.4,14.6,41.4,32.7,-1.1,0.8,0.0,0.0,0%,,
Adam Larsson,SEA,33,D,137.1,2.45,56,21.3,0.0,3.9,12.1,16.1,71.3,0.0,0.0,106.5,74.7,-5.4,0.5,0.0,0.0,0%,,
Owen Power,BUF,23,D,136.8,2.53,54,20.0,1.4,4.0,17.0,21.0,77.4,0.3,3.1,64.0,30.0,-1.1,0.6,0.0,0.0,0%,,
Max Shabanov,NYI,25,RW,136.7,2.63,52,14.3,2.1,9.6,15.9,25.5,82.6,1.6,8.4,21.0,47.4,-2.1,1.4,0.0,3.0,0%,,
Rasmus Ristolainen,PHI,31,D,136.0,2.47,55,20.6,1.0,3.5,12.8,16.2,86.0,0.2,2.4,83.6,76.2,-2.6,0.5,0.0,0.0,0%,,
Adam Henrique,EDM,35,"C,LW",136.0,2.57,53,14.9,1.2,8.4,12.3,20.7,80.0,1.6,4.7,58.4,43.0,1.2,1.2,327.0,267.9,55%,,
Pius Suter,STL,29,"C,LW",135.4,2.60,52,16.4,0.9,13.6,12.8,26.3,86.1,0.8,2.0,22.6,41.1,-0.3,2.0,217.2,259.1,46%,,
Phillip Danault,L.A,32,C,135.2,2.50,54,16.0,1.4,6.2,18.3,24.5,87.5,1.1,2.4,31.1,49.0,3.2,1.0,381.3,347.1,52%,,
Yanni Gourde,T.B,33,C,135.2,2.50,54,16.6,0.2,8.6,16.0,24.6,89.5,0.1,0.4,32.6,83.7,6.8,1.6,282.5,311.9,48%,,
Kent Johnson,CBJ,23,"C,LW,RW",135.1,2.55,53,14.2,1.6,11.2,14.1,25.3,85.4,1.3,4.2,24.3,14.7,-0.2,1.6,0.5,6.2,8%,,
Casey Mittelstadt,BOS,27,C,134.9,2.59,52,15.7,1.8,10.9,17.0,27.9,69.1,1.5,5.5,22.0,20.7,-3.9,1.5,234.7,265.1,47%,,
Justin Brazeau,PIT,27,RW,134.9,2.45,55,13.7,0.9,11.5,12.2,23.7,83.5,2.2,3.4,36.9,96.8,-1.4,1.6,1.8,7.0,20%,,
Barrett Hayton,UTA,25,C,134.4,2.59,52,15.6,2.0,10.4,13.1,23.4,90.0,3.3,6.7,24.9,19.2,0.1,1.6,315.2,287.4,52%,,
Ryan McDonagh,T.B,36,D,133.7,2.48,54,20.2,0.3,3.3,15.9,19.3,54.3,0.0,0.7,96.0,30.7,7.5,0.6,0.0,0.0,0%,,
Warren Foegele,L.A,29,RW,133.7,2.48,54,14.1,0.2,12.5,11.1,23.6,104.0,0.2,0.5,20.8,54.2,3.6,2.0,9.8,14.9,40%,,
Eetu Luostarinen,FLA,27,LW,132.9,2.46,54,16.7,1.4,8.4,13.8,22.2,82.7,1.9,3.3,43.3,113.9,2.3,1.4,36.0,36.8,49%,,
Olen Zellweger,ANA,22,D,132.6,2.50,53,18.1,1.6,5.7,11.9,17.6,93.2,0.8,3.6,59.1,36.0,0.6,0.8,0.0,0.0,0%,,
Yegor Sharangovich,CGY,27,"C,LW,RW",132.5,2.55,52,15.5,1.7,12.3,11.9,24.2,89.9,2.6,5.2,19.6,16.4,-5.1,1.5,59.3,89.2,40%,,
Nicolas Roy,TOR,28,"C,RW",132.4,2.45,54,15.8,1.1,9.3,15.5,24.7,76.5,1.3,3.0,33.9,58.1,1.2,1.3,318.3,333.6,49%,,
Kaiden Guhle,MTL,23,D,131.2,2.43,54,19.2,0.0,4.9,11.6,16.5,67.9,0.0,0.0,95.5,85.5,-1.1,0.7,0.0,0.0,0%,,
Ryan Pulock,NYI,31,D,131.0,2.52,52,20.9,0.1,2.5,13.7,16.2,63.2,0.1,0.3,100.9,58.8,-1.4,0.4,0.0,0.0,0%,,
Frank Vatrano,ANA,31,"C,LW",131.0,2.47,53,13.2,0.8,10.0,9.3,19.2,106.6,1.2,2.2,35.4,94.5,-2.0,1.4,6.9,10.1,40%,,
Jeff Skinner,S.J,33,LW,130.5,2.51,52,13.0,2.0,11.6,10.5,22.1,103.4,2.1,4.8,15.4,35.9,-5.1,1.4,18.7,24.5,43%,,
Anthony Beauvillier,WSH,28,LW,129.7,2.50,52,15.9,0.9,10.5,10.0,20.5,106.6,0.8,2.1,25.8,83.8,3.8,1.9,15.7,16.8,48%,,
Miles Wood,CBJ,30,LW,129.7,2.45,53,14.5,0.0,10.8,11.1,21.9,106.0,0.0,0.0,22.1,67.8,-0.6,1.6,5.7,15.5,27%,,
Damon Severson,CBJ,31,D,129.4,2.44,53,19.3,1.4,5.3,15.1,20.3,66.6,0.7,3.1,64.0,43.1,0.4,0.8,0.0,0.0,0%,,
Vladislav Namestnikov,WPG,33,"C,LW",129.4,2.40,54,14.7,1.5,9.2,14.1,23.4,75.7,2.4,5.8,31.3,69.1,0.5,1.4,138.6,196.3,41%,,
Michael Amadio,OTT,29,RW,129.2,2.39,54,15.8,0.2,10.6,12.7,23.3,80.4,0.4,0.7,36.8,78.8,3.2,1.8,27.2,28.0,49%,,
Alexander Nikishin,CAR,24,D,129.0,2.39,54,18.7,0.7,4.3,11.9,16.2,85.4,0.2,1.2,72.9,90.3,5.2,0.8,0.0,0.0,0%,,
Tony Deangelo,NYI,30,D,128.9,2.48,52,17.9,1.5,3.6,15.5,19.1,82.2,0.6,3.7,53.4,33.1,-3.2,0.5,0.0,0.0,0%,,
Denton Mateychuk,CBJ,21,D,128.8,2.43,53,20.6,0.2,6.4,12.1,18.5,57.6,0.2,0.4,88.1,40.6,0.5,0.9,0.0,0.0,0%,,
Jean-Gabriel Pageau,NYI,33,"C,RW",128.7,2.47,52,15.3,0.2,9.3,15.2,24.5,64.7,0.2,0.4,45.0,84.5,-2.0,1.3,412.6,297.6,58%,,
Jonathan Toews,WPG,37,C,128.3,2.38,54,16.1,1.7,8.8,13.8,22.5,82.8,2.1,5.7,27.2,23.8,-1.7,1.3,473.0,280.7,63%,,
Oliver Kapanen,MTL,22,C,128.1,2.37,54,14.6,0.7,11.3,11.1,22.3,80.3,0.5,1.4,39.2,38.0,-1.2,1.6,201.5,233.8,46%,,
Ilya Mikheyev,CHI,31,RW,127.9,2.41,53,17.3,0.0,11.5,11.4,23.0,100.2,0.0,0.0,17.7,28.4,-5.1,1.6,1.6,11.2,12%,,
Ben Chiarot,DET,34,D,127.9,2.41,53,21.0,0.1,4.1,9.1,13.2,71.6,0.0,0.2,104.4,96.7,-3.9,0.5,0.0,0.0,0%,,
Simon Holmstrom,NYI,24,RW,127.3,2.45,52,15.9,0.9,11.8,13.1,24.9,60.5,0.6,1.7,41.2,19.3,-2.3,1.7,2.8,8.8,24%,,
Nikita Zadorov,BOS,30,D,126.8,2.44,52,22.7,0.1,3.7,13.4,17.1,73.8,0.0,0.2,77.0,136.6,-3.4,0.5,0.0,0.0,0%,,
Ridly Greig,OTT,23,"C,RW",126.8,2.35,54,16.1,1.7,8.5,13.2,21.7,81.5,1.7,5.1,31.5,82.7,0.8,1.4,165.2,155.2,52%,,
Jamie Drysdale,PHI,23,D,126.7,2.30,55,20.8,1.5,4.8,13.5,18.3,60.0,0.8,2.8,77.8,25.8,-3.4,0.7,0.0,0.0,0%,,
Kirby Dach,MTL,24,"C,RW",125.8,2.33,54,14.1,1.7,10.7,10.3,21.1,78.3,1.1,4.9,37.1,80.6,-1.5,1.5,122.5,177.2,41%,,
Lawson Crouse,UTA,28,"LW,RW",125.6,2.41,52,16.0,0.9,10.7,8.3,19.0,92.2,1.1,1.7,41.5,123.5,-0.3,1.6,18.6,28.8,49%,,
J. J. Moser,T.B,25,D,125.5,2.32,54,22.3,0.1,3.5,14.1,17.6,65.6,0.0,0.2,79.6,52.1,8.1,0.6,0.0,0.0,0%,,
Connor Brown,N.J,31,RW,125.3,2.36,53,16.1,0.2,10.4,11.2,21.6,87.7,0.2,0.4,32.5,24.4,-0.4,1.5,10.7,17.4,38%,,
Alexander Romanov,NYI,25,D,125.3,2.41,52,19.6,0.1,3.2,10.1,13.2,66.7,0.0,0.2,104.3,90.4,-3.0,0.4,0.0,0.0,0%,,
Philipp Kurashev,S.J,26,"C,RW",125.3,2.41,52,14.9,2.0,9.6,14.7,24.3,75.1,2.0,5.8,18.2,40.4,-6.5,1.2,59.3,68.4,46%,,
David Perron,OTT,37,"LW,RW",125.0,2.31,54,13.4,2.1,8.7,14.2,23.0,77.4,3.9,8.3,18.0,73.6,2.1,1.5,5.6,10.5,35%,,
Tyler Myers,VAN,35,D,124.9,2.36,53,19.9,0.0,3.4,12.5,15.9,58.9,0.0,0.1,95.3,68.6,-2.2,0.5,0.0,0.0,0%,,
Andrew Peeke,BOS,27,D,124.9,2.40,52,21.2,0.0,1.7,11.8,13.5,62.3,0.0,0.1,106.1,76.6,-5.0,0.2,0.0,0.0,0%,,
Artem Zub,OTT,30,D,124.9,2.31,54,20.0,0.1,3.4,12.8,16.3,59.5,0.0,0.3,92.1,63.3,2.7,0.6,0.0,0.0,0%,,
Dylan Demelo,WPG,32,D,124.6,2.31,54,21.7,0.1,2.6,15.8,18.4,54.0,0.0,0.2,84.4,80.8,2.7,0.4,0.0,0.0,0%,,
Jordan Staal,CAR,37,C,124.4,2.30,54,15.1,0.3,10.5,13.2,23.6,76.8,0.6,0.9,28.4,93.3,4.5,1.8,556.7,435.2,56%,,
Adam Pelech,NYI,31,D,124.1,2.39,52,20.9,0.2,1.3,12.8,14.2,80.9,0.0,0.4,81.4,47.5,-0.7,0.2,0.0,0.0,0%,,
Nick Seeler,PHI,32,D,123.7,2.25,55,18.0,0.0,1.6,10.2,11.8,63.1,0.0,0.0,113.7,88.6,-2.8,0.2,0.0,0.0,0%,,
Alex Killorn,ANA,36,"C,LW,RW",123.2,2.33,53,16.1,1.3,9.8,11.7,21.5,91.2,0.9,2.4,21.8,53.1,-0.1,1.4,23.6,39.7,37%,,
Brendan Gallagher,MTL,33,RW,123.0,2.28,54,13.1,1.3,9.3,12.3,21.5,90.6,1.9,4.0,18.0,59.9,0.2,1.3,3.2,8.2,28%,,
Kaapo Kakko,SEA,24,RW,122.9,2.19,56,13.3,1.4,8.9,14.8,23.8,76.0,2.0,4.7,17.8,41.3,-4.8,1.1,17.7,19.2,0%,,
Brett Howden,VGK,27,"C,LW",121.9,2.26,54,15.1,0.2,12.4,11.1,23.5,72.9,0.2,0.4,29.3,83.7,3.4,2.2,215.3,209.3,51%,,
Axel Sandin-Pellikka,DET,20,D,121.6,2.29,53,18.9,2.1,3.5,13.9,17.4,60.7,0.4,7.7,62.9,35.1,-3.7,0.5,0.0,0.0,0%,,
Michael Eyssimont,BOS,29,"C,LW",121.5,2.34,52,12.5,1.0,8.1,9.9,18.0,107.0,1.6,4.7,18.8,65.5,-3.5,1.1,3.2,5.2,38%,,
Alexandre Carrier,MTL,29,D,121.5,2.25,54,18.9,0.0,2.2,11.6,13.8,47.2,0.0,0.0,113.1,43.5,-1.6,0.3,0.0,0.0,0%,,
Vasily Podkolzin,EDM,24,"LW,RW",120.3,2.27,53,15.7,0.0,7.6,12.4,20.0,83.3,0.0,0.0,37.2,144.6,2.6,1.1,12.4,31.4,28%,,
Sam Malinski,COL,27,D,119.7,2.26,53,16.3,0.2,3.6,11.7,15.3,80.3,0.2,0.9,65.9,40.8,8.3,0.6,0.0,0.0,0%,,
Timothy Liljegren,S.J,26,D,119.2,2.29,52,19.6,0.9,2.7,10.6,13.3,55.8,0.4,1.9,98.7,54.7,-6.2,0.3,0.0,0.0,0%,,
Nicholas Robertson,TOR,24,RW,118.8,2.20,54,12.3,1.1,11.3,9.1,20.4,83.5,1.6,2.5,26.9,60.6,1.4,1.6,3.8,5.1,43%,,
Mason Lohrei,BOS,24,D,118.8,2.29,52,16.8,1.4,3.4,15.6,19.1,48.8,1.0,6.8,60.9,29.9,-4.9,0.5,0.0,0.0,0%,,
Andrew Copp,DET,31,"C,LW",118.6,2.24,53,14.2,1.1,7.4,13.9,21.3,65.3,0.7,4.7,35.0,27.6,-1.7,1.0,275.9,247.2,53%,,
Braden Schneider,NYR,24,D,118.4,2.32,51,19.6,0.2,3.4,10.5,13.9,62.7,0.0,0.3,90.1,99.0,-0.4,0.6,0.0,0.0,0%,,
Joel Armia,L.A,32,RW,118.0,2.19,54,14.8,0.7,9.0,11.7,20.8,78.7,0.3,1.3,30.2,58.7,0.8,1.5,6.0,14.8,29%,,
Connor Zary,CGY,24,"C,LW,RW",117.4,2.26,52,14.5,1.5,10.5,10.6,21.1,81.4,1.2,3.7,19.6,35.5,-3.9,1.3,66.0,97.5,40%,,
Brett Pesce,N.J,31,D,117.3,2.21,53,19.7,0.2,2.2,9.2,11.4,63.0,0.1,0.4,102.3,31.9,1.1,0.3,0.0,0.0,0%,,
Nick Perbix,NSH,27,D,117.1,2.17,54,20.6,0.1,3.8,12.5,16.3,61.7,0.0,0.3,74.1,47.9,-4.8,0.5,0.0,0.0,0%,,
Jordan Martinook,CAR,33,LW,116.9,2.16,54,14.0,0.1,8.3,12.3,20.6,76.3,0.0,0.1,33.4,63.8,4.7,1.5,26.8,28.4,49%,,
Rasmus Sandin,WSH,25,D,116.8,2.25,52,18.9,1.0,2.5,13.4,15.9,53.6,0.3,2.5,79.4,62.5,4.0,0.5,0.0,0.0,0%,,
James Van Riemsdyk,DET,36,LW,116.7,2.20,53,12.1,1.1,10.2,11.7,21.9,75.3,2.3,3.6,19.2,26.9,-0.6,1.4,4.0,6.1,40%,,
Scott Laughton,TOR,31,"C,LW",116.2,2.15,54,13.3,0.0,8.8,11.0,19.9,80.3,0.0,0.0,32.9,98.5,0.7,1.3,243.4,235.2,51%,,
Michael Carcone,UTA,29,LW,115.7,2.22,52,12.5,0.6,9.7,10.4,20.1,93.9,0.4,1.4,14.0,71.9,-0.1,1.5,2.1,4.9,30%,,
Jack Drury,COL,25,C,115.6,2.18,53,15.3,0.6,7.1,10.8,18.0,76.0,0.7,1.7,43.9,35.6,6.7,1.3,369.9,286.4,56%,,
Conor Timmins,BUF,27,D,115.4,2.14,54,18.6,0.0,2.0,11.2,13.2,57.0,0.0,0.0,94.5,51.1,-1.4,0.3,0.0,0.0,0%,,
Marcus Pettersson,VAN,29,D,114.9,2.17,53,20.1,0.1,2.5,13.4,15.9,46.5,0.0,0.2,87.6,46.0,-0.1,0.4,0.0,0.0,0%,,
Mario Ferraro,S.J,27,D,114.7,2.21,52,20.9,0.1,2.6,9.7,12.3,57.0,0.0,0.2,98.4,87.8,-6.2,0.3,0.0,0.0,0%,,
John Marino,UTA,28,D,114.7,2.21,52,20.4,0.1,2.8,16.5,19.3,49.0,0.0,0.2,64.0,27.2,0.2,0.4,0.0,0.0,0%,,
Jake Middleton,MIN,29,D,114.6,2.16,53,18.3,0.0,4.0,10.1,14.1,54.9,0.0,0.1,89.6,69.5,0.2,0.6,0.0,0.0,0%,,
Martin Fehervary,WSH,26,D,114.4,2.20,52,18.9,0.0,2.9,11.6,14.5,51.2,0.0,0.0,90.6,80.4,3.4,0.5,0.0,0.0,0%,,
Adam Lowry,WPG,32,C,114.1,2.11,54,14.2,0.0,8.5,11.1,19.7,66.2,0.0,0.1,43.9,102.4,0.8,1.3,384.3,374.1,51%,,
Josh Manson,COL,34,D,114.0,2.15,53,17.5,0.0,3.1,10.8,13.9,70.7,0.0,0.0,73.8,111.6,7.1,0.5,0.0,0.2,0%,,
Joel Edmundson,L.A,32,D,113.4,2.10,54,19.5,0.1,3.5,10.6,14.0,67.1,0.0,0.6,74.2,71.4,2.4,0.6,0.0,0.0,0%,,
Teddy Blueger,VAN,31,C,113.2,2.14,53,15.8,0.0,6.6,13.3,19.9,71.5,0.0,0.0,35.8,73.8,-1.5,0.9,351.0,337.0,51%,,
Adam Gaudette,S.J,29,"C,RW",113.1,2.18,52,12.8,1.9,13.1,7.4,20.5,76.6,2.4,4.1,18.6,57.2,-4.3,1.6,0.4,0.4,49%,,
Nick Foligno,CHI,38,"C,LW",113.1,2.13,53,13.7,1.3,8.1,12.4,20.5,67.1,2.4,5.6,24.8,105.7,-4.9,1.1,198.2,196.2,50%,,
Ryan Strome,ANA,32,C,113.0,2.13,53,12.9,1.4,5.8,15.4,21.2,73.7,0.9,3.6,17.9,34.1,-0.5,0.8,199.1,260.6,43%,,
Parker Wotherspoon,PIT,28,D,112.6,2.05,55,21.1,0.1,2.2,11.8,14.0,55.0,0.0,0.1,86.2,91.1,-1.3,0.3,0.0,0.0,0%,,
Ryan Poehling,ANA,26,C,112.3,2.12,53,13.3,0.2,6.4,11.8,18.2,57.5,0.3,0.4,57.4,30.2,-0.5,0.9,291.6,298.5,49%,,
Mathieu Olivier,CBJ,28,RW,112.2,2.12,53,13.7,0.0,9.0,9.9,18.9,67.4,0.0,0.0,43.5,163.5,0.7,1.3,3.2,8.0,28%,,
Ian Cole,UTA,36,D,111.8,2.15,52,19.1,0.1,1.6,9.8,11.4,42.6,0.0,0.1,112.2,61.3,0.1,0.2,0.0,0.0,0%,,
Alex Iafallo,WPG,31,"C,LW,RW",111.8,2.07,54,14.1,1.0,7.8,9.9,17.8,69.6,1.7,3.4,40.7,52.0,0.1,1.2,8.7,10.1,46%,,
Ryan Lindgren,SEA,27,D,111.8,2.00,56,19.2,0.0,2.5,11.5,13.9,49.2,0.0,0.1,90.4,53.6,-5.5,0.3,0.0,1.0,0%,,
Drew Helleson,ANA,24,D,111.7,2.11,53,18.2,0.0,3.7,11.2,15.0,57.4,0.0,0.1,76.0,67.6,-1.7,0.5,0.0,0.0,0%,,
Niko Mikkola,FLA,29,D,111.5,2.06,54,20.5,0.1,2.9,10.4,13.3,70.9,0.0,0.1,72.1,88.1,3.0,0.5,0.0,0.0,0%,,
Matias MacCelli,TOR,25,LW,111.1,2.06,54,13.0,1.5,8.6,13.3,21.9,67.9,0.9,4.2,14.6,19.5,1.8,1.2,4.8,5.7,46%,,
J.T. Compher,DET,30,C,110.8,2.09,53,15.1,0.2,7.3,12.9,20.2,61.8,0.3,0.5,37.5,25.4,-2.4,1.0,279.4,323.3,46%,,
Jason Dickinson,CHI,30,C,110.8,2.09,53,15.6,0.1,9.2,9.0,18.2,68.7,0.1,0.2,43.5,73.2,-5.1,1.3,404.9,402.0,50%,,
Collin Graf,S.J,23,RW,110.5,2.13,52,16.4,0.7,8.8,11.2,20.0,57.5,0.6,2.0,39.7,53.3,-5.9,1.1,4.9,8.9,35%,,
Brandon Carlo,TOR,29,D,110.5,2.05,54,20.1,0.0,1.8,8.3,10.2,59.5,0.0,0.1,100.3,59.1,0.6,0.3,0.0,0.0,0%,,
Frederick Gaudreau,SEA,32,C,110.2,1.97,56,14.7,0.0,7.6,11.1,18.7,68.6,0.1,0.1,39.7,39.1,-6.1,0.9,299.4,329.8,48%,,
Mark Kastelic,BOS,26,"C,RW",109.9,2.11,52,14.5,0.2,6.9,8.9,15.8,75.0,0.2,0.5,48.7,157.3,-3.2,0.9,239.2,191.4,56%,,
Jalen Chatfield,CAR,29,D,109.9,2.03,54,19.0,0.0,4.5,10.3,14.8,72.9,0.0,0.1,57.6,44.5,4.4,0.8,0.0,0.0,0%,,
Brian Dumoulin,L.A,34,D,109.8,2.03,54,20.0,0.1,2.8,12.1,14.8,53.9,0.0,0.2,76.3,47.5,0.5,0.4,0.0,0.0,0%,,
Erik Cernak,T.B,28,D,109.7,2.03,54,19.4,0.1,1.9,11.6,13.5,46.1,0.0,0.2,92.0,107.1,5.9,0.3,0.0,0.0,0%,,
Connor Dewar,PIT,26,C,109.7,1.99,55,14.2,0.0,9.0,8.0,17.0,79.1,0.0,0.1,38.3,123.4,-2.7,1.3,58.5,81.8,42%,,
Gustav Nyquist,WPG,36,"LW,RW",109.5,2.03,54,12.6,1.6,6.4,14.0,20.3,65.0,1.5,6.1,19.9,31.1,-0.1,1.0,8.9,14.6,38%,,
Alex Newhook,MTL,24,C,108.8,2.02,54,14.6,0.5,10.5,9.6,20.0,71.6,0.5,1.3,23.3,61.7,-0.9,1.5,151.7,194.9,44%,,
Nate Schmidt,UTA,34,D,108.6,2.09,52,20.3,1.1,3.0,12.2,15.2,60.6,0.2,1.9,61.6,61.1,1.6,0.5,0.0,0.0,0%,,
Jake Evans,MTL,29,C,108.1,2.00,54,15.4,0.1,7.5,12.3,19.8,57.1,0.1,0.2,39.9,72.3,-2.2,1.1,374.9,338.0,53%,,
Fraser Minten,BOS,21,C,108.1,2.08,52,15.1,0.2,8.6,9.3,17.9,72.4,0.1,0.4,35.7,106.1,-3.8,1.2,236.7,248.2,49%,,
Radko Gudas,ANA,35,D,108.0,2.04,53,16.3,0.0,2.1,9.3,11.4,58.8,0.0,0.1,88.6,131.0,-0.4,0.3,0.0,0.0,0%,,
Mikey Anderson,L.A,28,D,107.7,1.99,54,19.8,0.0,3.1,11.2,14.2,50.3,0.0,0.1,79.5,65.8,2.7,0.5,0.0,0.0,0%,,
Alex Vlasic,CHI,24,D,107.6,2.03,53,20.7,0.1,2.4,8.9,11.3,53.1,0.0,0.3,93.7,37.2,-6.7,0.3,0.0,0.0,0%,,
Nicolas Hague,NSH,27,D,106.8,1.98,54,20.5,0.2,3.3,9.6,12.9,64.8,0.1,0.4,70.6,80.7,-5.4,0.4,0.0,0.0,0%,,
Reilly Smith,VGK,34,RW,105.6,1.96,54,13.0,0.6,6.8,12.4,19.2,72.7,0.7,2.0,19.4,34.4,3.3,1.2,3.8,6.3,38%,,
Josh Anderson,MTL,31,RW,105.5,1.95,54,15.1,0.1,9.1,7.9,17.0,72.9,0.0,0.1,35.7,105.2,-2.0,1.3,17.8,12.4,59%,,
Tyler Kleven,OTT,23,D,105.2,1.95,54,18.2,0.1,2.4,8.0,10.3,62.5,0.0,0.2,85.6,71.6,0.2,0.4,0.0,0.0,0%,,
Pavel Mintyukov,ANA,22,D,105.0,1.98,53,17.1,0.1,3.3,10.4,13.8,52.4,0.0,0.4,74.3,55.0,-1.8,0.5,0.0,0.0,0%,,
Ville Koivunen,PIT,22,RW,104.6,1.90,55,12.7,1.2,5.1,12.5,17.6,64.0,1.7,5.2,29.3,29.1,-1.3,0.7,0.2,0.4,36%,,
Dante Fabbro,CBJ,27,D,104.5,1.97,53,15.6,0.0,3.5,8.6,12.1,51.6,0.0,0.0,84.7,41.5,0.5,0.5,0.0,0.0,0%,,
Kevin Bahl,CGY,25,D,104.4,2.01,52,21.3,0.1,2.5,10.2,12.6,52.8,0.1,0.3,79.5,69.2,-3.8,0.3,0.0,0.0,0%,,
Mavrik Bourque,DAL,23,"C,RW",104.1,2.00,52,13.1,1.0,7.9,10.1,17.9,71.5,0.8,3.1,22.9,35.9,3.5,1.4,74.4,89.6,0%,,
Cody Ceci,L.A,31,D,104.1,1.93,54,17.8,0.0,2.4,11.0,13.4,50.7,0.0,0.0,77.2,43.2,0.4,0.4,0.0,0.0,0%,,
Cody Glass,N.J,26,"C,RW",104.0,1.96,53,13.1,0.2,7.1,9.6,16.6,80.0,0.3,0.5,27.1,43.2,0.6,1.0,218.3,215.4,50%,,
Chris Tanev,TOR,35,D,103.7,1.92,54,17.3,0.1,1.7,9.9,11.6,34.4,0.0,0.1,103.5,29.0,2.5,0.2,0.0,0.0,0%,,
Jonny Brodzinski,NYR,32,C,103.5,2.03,51,12.5,0.9,9.1,9.2,18.3,72.7,0.6,1.3,21.8,32.5,0.5,1.6,78.6,75.8,51%,,
Evgenii Dadonov,N.J,36,RW,103.1,1.95,53,11.2,0.8,9.2,9.8,19.0,64.9,1.5,2.6,22.3,33.3,0.3,1.3,0.0,1.2,0%,,
Drew O'Connor,VAN,27,LW,102.9,1.94,53,13.3,0.2,8.2,9.1,17.4,70.2,0.2,0.4,30.8,47.0,-2.0,1.2,25.0,28.7,47%,,
Jack McBain,UTA,25,"C,LW",102.8,1.98,52,14.4,0.1,7.0,10.8,17.8,59.7,0.1,0.4,38.4,166.5,0.1,1.1,240.6,250.9,49%,,
Mathieu Joseph,STL,28,RW,102.3,1.97,52,13.2,0.0,5.5,12.2,17.6,62.3,0.0,0.0,36.5,96.6,-1.5,0.8,13.5,21.5,39%,,
Philip Tomasino,PIT,24,"C,RW",101.7,1.85,55,12.2,0.3,7.3,9.2,16.5,75.8,0.3,1.0,27.0,59.7,-2.3,1.0,5.6,14.5,28%,,
Ryker Evans,SEA,23,D,101.6,1.81,56,17.2,0.2,3.5,11.3,14.8,45.7,0.0,0.5,67.7,69.0,-5.3,0.4,0.0,0.0,0%,,
Tanner Jeannot,BOS,28,"LW,RW",101.5,1.95,52,14.3,0.1,6.7,9.4,16.0,64.6,0.1,0.4,41.3,156.5,-3.8,0.9,12.5,17.0,42%,,
Andrew Mangiapane,EDM,29,"LW,RW",101.5,1.91,53,13.5,0.3,8.5,11.1,19.6,63.0,0.2,0.6,21.2,51.3,1.3,1.2,3.2,3.7,46%,,
Nic Dowd,WSH,35,C,101.4,1.95,52,15.6,0.0,7.7,9.0,16.7,57.6,0.0,0.1,45.2,82.4,2.7,1.4,377.1,392.0,49%,,
Sam Steel,DAL,27,C,101.4,1.95,52,15.7,0.6,6.7,12.2,18.9,63.2,0.7,1.9,22.2,48.4,3.2,1.2,107.5,100.8,52%,,
Stefan Noesen,N.J,32,LW,101.0,1.91,53,11.6,1.2,8.0,9.6,17.6,71.7,2.5,4.5,15.4,68.7,0.7,1.2,22.6,26.3,46%,,
Brandon Saad,VGK,33,LW,100.9,1.87,54,13.7,0.0,8.0,8.7,16.7,80.5,0.0,0.0,21.2,16.5,3.6,1.4,10.8,21.0,34%,,
Brett Kulak,EDM,31,D,100.6,1.90,53,17.5,0.0,2.7,8.8,11.5,67.1,0.0,0.1,64.9,26.4,0.6,0.4,0.0,0.0,0%,,
Sam Rinzel,CHI,21,D,100.4,1.89,53,14.5,1.7,1.7,12.1,13.9,62.9,0.3,3.5,47.7,49.2,-4.6,0.2,0.0,0.0,0%,,
Will Borgen,NYR,28,D,99.8,1.96,51,18.6,0.0,3.0,9.2,12.3,54.6,0.0,0.1,71.3,79.2,0.0,0.5,0.0,0.0,0%,,
Parker Kelly,COL,26,"C,LW",99.7,1.88,53,12.7,0.0,7.0,8.2,15.2,67.3,0.0,0.0,40.8,105.9,6.0,1.2,66.8,120.1,36%,,
Nick Bjugstad,STL,33,C,99.6,1.92,52,12.1,0.1,7.4,7.6,15.0,79.7,0.1,0.3,28.7,85.7,-1.2,1.1,208.3,217.9,49%,,
Samuel Girard,COL,27,D,99.4,1.88,53,16.7,0.1,2.0,11.4,13.3,52.6,0.0,0.1,66.0,43.0,6.8,0.4,0.0,0.0,0%,,
Zach Whitecloud,VGK,29,D,98.5,1.82,54,19.1,0.1,2.4,9.1,11.5,51.5,0.0,0.2,76.1,86.1,3.1,0.4,0.0,0.0,0%,,
Oskar Sundqvist,STL,31,C,98.3,1.89,52,13.4,1.1,4.3,13.8,18.2,48.3,1.5,3.3,32.5,66.0,-2.2,0.6,191.6,243.6,0%,,
Shakir Mukhamadullin,S.J,23,D,98.2,1.89,52,16.6,0.1,2.8,10.1,12.9,47.6,0.0,0.3,70.5,44.9,-5.4,0.4,0.0,0.0,0%,,
Pontus Holmberg,T.B,26,RW,98.1,1.82,54,12.8,0.0,5.9,10.9,16.8,61.4,0.0,0.1,34.1,55.4,6.8,1.1,73.4,90.8,45%,,
Marco Kasper,DET,21,"C,LW",98.0,1.85,53,12.8,0.3,8.3,7.3,15.7,71.0,0.4,0.7,29.4,99.6,-1.9,1.1,171.2,203.4,46%,,
Conor Sheary,NYR,33,LW,97.9,1.92,51,13.8,1.1,4.5,10.5,15.1,70.8,0.6,2.2,30.3,32.4,0.7,0.8,9.1,9.4,49%,,
Ondrej Palat,N.J,34,LW,97.3,1.84,53,12.5,1.0,7.2,8.6,15.7,60.1,0.9,2.1,35.8,75.0,0.9,1.1,3.1,9.5,0%,,
Jonas Siegenthaler,N.J,28,D,97.1,1.83,53,19.3,0.0,1.6,7.7,9.3,50.7,0.0,0.0,87.5,68.5,0.4,0.2,0.0,0.0,0%,,
Lars Eller,OTT,36,C,96.9,1.79,54,13.6,0.7,6.9,8.6,15.5,68.8,0.6,1.2,29.8,43.0,0.7,1.2,282.1,242.9,54%,,
Jesper Boqvist,FLA,27,C,96.5,1.79,54,13.3,1.2,8.1,9.0,17.1,65.1,0.8,1.8,22.0,118.5,2.2,1.3,49.5,75.4,40%,,
Michael Kesselring,UTA,25,D,96.1,1.85,52,15.3,0.0,3.0,10.1,13.0,64.6,0.0,0.0,49.4,51.8,-0.5,0.4,0.0,0.0,0%,,
Matt Grzelcyk,CHI,31,D,96.0,1.81,53,16.3,0.5,1.1,12.5,13.5,51.9,0.0,2.0,55.0,33.0,-3.6,0.1,0.0,0.0,0%,,
Jordan Greenway,BUF,28,LW,95.7,1.77,54,13.9,0.0,6.3,9.6,15.9,63.6,0.0,0.0,32.3,100.8,-1.4,0.9,14.0,31.2,31%,,
Logan Stanley,WPG,27,D,95.4,1.77,54,15.9,0.0,2.5,10.1,12.6,49.3,0.0,0.1,65.9,78.6,-0.6,0.4,0.0,0.0,0%,,
Dakota Joshua,TOR,29,"C,LW",95.4,1.77,54,12.7,0.0,8.5,8.4,17.0,53.8,0.0,0.0,35.1,167.4,1.4,1.2,16.3,21.7,43%,,
Ty Emberson,EDM,25,D,95.4,1.80,53,16.3,0.0,1.8,9.7,11.5,46.3,0.0,0.1,75.4,79.8,1.9,0.3,0.0,0.0,0%,,
Michael Rasmussen,DET,26,"C,LW",95.2,1.80,53,12.4,0.6,7.1,8.0,15.2,59.9,0.6,1.3,36.8,74.0,-1.7,0.9,80.3,83.9,0%,,
Ty Dellandrea,S.J,25,C,94.9,1.83,52,15.8,0.1,3.8,10.0,13.8,63.3,0.1,0.3,43.0,143.7,-8.3,0.5,272.7,289.0,49%,,
Anthony Duclair,NYI,30,LW,94.4,1.82,52,12.2,0.7,8.1,7.6,15.7,63.2,1.2,2.1,27.4,24.1,-1.8,1.1,3.5,5.4,39%,,
Michael McCarron,NSH,30,C,94.2,1.75,54,14.1,0.0,5.3,7.9,13.2,66.1,0.0,0.1,43.0,119.7,-5.1,0.7,378.7,320.3,54%,,
Wyatt Kaiser,CHI,23,D,93.8,1.77,53,18.7,0.0,2.6,7.8,10.4,54.0,0.0,0.1,70.8,44.1,-4.7,0.4,0.0,0.0,0%,,
Jamie Oleksiak,SEA,32,D,93.4,1.67,56,15.6,0.0,2.2,7.5,9.7,50.8,0.0,0.0,77.9,59.0,-5.3,0.3,0.0,0.0,0%,,
Trevor Van Riemsdyk,WSH,34,D,93.3,1.79,52,16.2,0.0,0.9,10.0,11.0,44.6,0.0,0.1,76.0,20.0,3.7,0.2,0.0,0.0,0%,,
Ilya Lyubushkin,DAL,31,D,92.8,1.78,52,17.5,0.0,0.8,8.7,9.5,38.1,0.0,0.1,90.3,68.4,3.2,0.1,0.0,0.0,0%,,
Morgan Barron,WPG,27,C,92.4,1.71,54,11.8,0.0,7.1,6.8,13.9,71.6,0.0,0.0,30.1,97.2,0.3,1.1,163.5,163.2,50%,,
Jesperi Kotkaniemi,CAR,25,C,92.1,1.71,54,10.8,0.2,6.6,9.9,16.5,62.5,0.1,0.3,22.3,51.4,4.8,1.2,200.0,192.1,51%,,
Kevin Stenlund,UTA,29,C,91.9,1.77,52,14.2,0.8,7.3,7.5,14.7,57.8,0.5,1.2,35.2,40.5,-2.0,1.1,391.6,317.4,55%,,
Henri Jokiharju,BOS,26,D,91.7,1.76,52,17.7,0.8,2.1,10.3,12.4,52.7,0.1,2.0,52.4,43.7,-3.7,0.3,0.0,0.0,0%,,
Marcus Foligno,MIN,34,LW,91.6,1.73,53,13.1,0.1,6.6,8.5,15.1,53.0,0.1,0.2,39.4,147.3,0.5,1.0,4.8,7.8,38%,,
Blake Lizotte,PIT,27,C,91.1,1.66,55,13.8,0.0,7.6,7.3,14.9,62.9,0.1,0.1,29.5,58.1,-1.9,1.1,225.9,227.2,50%,,
Sean Kuraly,BOS,32,C,91.1,1.75,52,14.3,0.0,4.7,7.7,12.4,70.9,0.0,0.0,36.8,83.6,-3.7,0.7,259.7,252.8,51%,,
Yakov Trenin,MIN,28,C,90.9,1.72,53,14.0,0.0,6.3,7.5,13.8,71.9,0.0,0.1,27.3,188.8,0.7,1.0,45.7,60.7,43%,,
Brenden Dillon,N.J,35,D,90.0,1.70,53,17.2,0.0,2.9,8.6,11.5,39.7,0.0,0.0,71.3,106.3,0.5,0.4,0.0,0.0,0%,,
Jonatan Berggren,DET,25,RW,90.0,1.70,53,11.6,0.8,7.2,9.2,16.4,62.7,1.7,2.7,13.3,36.1,-2.5,1.0,1.2,4.2,23%,,
Mason Appleton,DET,29,"C,RW",89.9,1.70,53,12.9,0.0,6.3,9.2,15.5,62.0,0.1,0.1,24.4,54.2,-1.9,0.8,5.6,6.7,45%,,
Nick Leddy,S.J,34,D,89.3,1.72,52,17.5,0.2,2.0,10.5,12.5,37.5,0.0,0.4,64.9,32.4,-5.7,0.3,0.0,0.0,0%,,
Peyton Krebs,BUF,24,C,88.6,1.64,54,12.9,0.0,4.3,11.3,15.5,58.3,0.0,0.1,25.5,99.5,-1.4,0.6,200.1,220.8,48%,,
Kaedan Korczak,VGK,24,D,88.3,1.64,54,15.0,0.0,2.0,8.6,10.6,45.4,0.0,0.0,67.3,74.0,5.5,0.3,0.0,0.0,0%,,
Justin Barron,NSH,24,D,87.9,1.63,54,14.8,0.5,3.6,7.1,10.8,50.7,0.2,0.9,58.7,53.2,-4.3,0.5,0.0,0.0,0%,,
David Tomasek,EDM,29,RW,87.3,1.65,53,11.1,1.6,7.2,7.1,14.3,62.2,1.2,4.9,16.7,68.9,1.4,1.1,82.5,93.5,47%,,
Paul Cotter,N.J,26,LW,87.0,1.64,53,12.7,0.4,7.4,7.8,15.2,60.6,0.4,1.1,20.2,142.7,-1.2,1.1,22.3,20.7,52%,,
Mark Jankowski,CAR,31,C,87.0,1.61,54,11.4,0.1,8.1,7.3,15.3,52.3,0.1,0.2,29.6,35.4,5.3,1.4,212.6,201.0,51%,,
Jeff Petry,FLA,37,D,86.8,1.61,54,13.9,0.7,1.6,9.8,11.4,41.8,0.1,2.1,59.2,51.0,1.6,0.3,0.0,0.0,0%,,
Connor Murphy,CHI,32,D,86.3,1.63,53,15.0,0.0,1.1,7.2,8.4,44.5,0.0,0.1,77.6,59.3,-5.0,0.2,0.0,0.0,0%,,
Simon Benoit,TOR,27,D,85.5,1.58,54,18.4,0.0,1.0,6.7,7.7,41.1,0.0,0.0,83.6,131.2,0.8,0.1,0.0,0.0,0%,,
William Carrier,CAR,30,LW,85.5,1.58,54,11.6,0.0,6.3,8.4,14.7,65.5,0.0,0.1,17.1,131.2,5.1,1.1,2.8,4.8,0%,,
Tanner Pearson,WPG,33,LW,85.4,1.58,54,11.1,0.1,6.9,6.8,13.7,56.6,0.1,0.2,31.5,65.3,-0.8,1.0,4.4,11.4,28%,,
Colton Sissons,VGK,32,"C,LW",85.2,1.58,54,12.1,0.4,5.2,8.0,13.2,54.8,0.4,1.2,33.9,64.7,3.0,0.9,284.0,242.0,54%,,
Steven Lorentz,TOR,29,"LW,RW",85.0,1.57,54,11.8,0.0,5.6,7.7,13.3,52.5,0.0,0.0,37.3,122.8,1.2,0.8,49.5,70.0,41%,,
Colton Dach,CHI,22,"C,LW",84.7,1.60,53,11.5,0.9,5.4,7.7,13.1,60.7,1.1,2.3,25.6,152.0,-5.6,0.7,30.1,38.8,44%,,
Scott Mayfield,NYI,33,D,84.4,1.62,52,17.2,0.0,1.4,6.3,7.7,45.7,0.0,0.0,76.9,57.3,-1.7,0.2,0.0,0.0,0%,,
Nick Jensen,OTT,35,D,84.1,1.56,54,15.7,0.0,1.6,9.9,11.6,42.4,0.0,0.1,56.2,40.8,1.3,0.3,0.0,0.0,0%,,
Fedor Svechkov,NSH,22,C,84.1,1.56,54,12.1,0.3,5.5,7.5,13.0,64.8,0.4,0.9,23.6,49.1,-5.0,0.8,145.1,221.4,40%,,
Jeremy Lauzon,VGK,28,D,83.2,1.54,54,15.4,0.0,2.1,6.2,8.3,50.7,0.0,0.0,66.2,144.6,3.4,0.4,0.0,0.0,0%,,
Jake Bean,CGY,27,D,82.7,1.59,52,15.6,0.1,2.3,6.0,8.3,54.4,0.0,0.1,60.9,28.5,-4.5,0.3,0.0,0.0,0%,,
Aatu Raty,VAN,23,C,82.1,1.55,53,10.8,0.2,7.5,9.7,17.3,44.6,0.2,0.5,15.1,104.7,-1.0,1.1,323.0,230.2,58%,,
Egor Zamula,PHI,25,D,82.0,1.49,55,14.4,0.0,2.0,8.0,10.1,36.8,0.0,0.0,66.6,32.9,-2.4,0.3,0.0,0.0,0%,,
Yegor Chinakhov,CBJ,24,"LW,RW",81.6,1.54,53,9.9,0.1,6.4,6.7,13.1,66.2,0.1,0.2,17.9,60.7,0.2,0.9,0.1,3.0,3%,,
Kasperi Kapanen,EDM,29,RW,81.3,1.53,53,12.3,0.0,5.0,9.4,14.3,57.1,0.0,0.0,19.4,78.8,-0.1,0.7,14.5,25.9,36%,,
Lukas Reichel,VAN,23,LW,81.3,1.53,53,11.5,0.3,5.6,9.0,14.6,50.4,0.2,0.5,23.7,27.5,-0.8,0.8,97.5,139.7,41%,,
Cole Smith,NSH,30,LW,81.0,1.50,54,13.4,0.0,5.5,6.9,12.4,65.7,0.0,0.1,21.8,119.9,-4.4,0.8,5.0,8.3,38%,,
Lian Bichsel,DAL,21,D,81.0,1.56,52,17.4,0.0,3.5,7.4,10.9,40.0,0.0,0.0,56.6,153.4,4.2,0.6,0.0,0.0,0%,,
Nikita Nesterenko,ANA,24,C,81.0,1.53,53,11.3,0.1,5.7,9.9,15.6,51.3,0.1,0.1,16.8,87.0,-0.3,0.8,10.0,38.5,21%,,
Keegan Kolesar,VGK,28,RW,80.7,1.49,54,10.9,0.2,5.1,8.6,13.7,49.4,0.2,0.4,29.3,128.7,3.1,0.9,6.2,10.7,37%,,
Calle Jarnkrok,TOR,34,C,80.3,1.49,54,12.1,0.8,7.0,7.1,14.1,55.3,0.8,1.7,17.3,55.6,0.9,1.0,27.5,31.0,47%,,
Albert Johansson,DET,24,D,80.2,1.51,53,16.1,0.1,1.7,6.4,8.1,41.3,0.0,0.2,70.3,57.5,-3.2,0.2,0.0,0.0,0%,,
Jacob Bernard-Docker,DET,25,D,80.0,1.51,53,13.8,0.0,2.0,6.4,8.4,44.6,0.0,0.0,64.7,51.9,-1.3,0.3,0.0,0.0,0%,,
Gage Goncalves,T.B,24,C,79.9,1.48,54,11.6,0.8,5.8,9.6,15.4,43.3,0.7,2.1,20.1,60.7,6.4,1.1,5.7,7.4,44%,,
Tye Kartye,SEA,24,LW,79.9,1.43,56,11.2,0.0,5.8,6.2,12.0,52.4,0.0,0.1,35.6,138.0,-5.6,0.7,8.6,20.4,30%,,
Matt Dumba,PIT,31,D,79.7,1.45,55,14.9,0.0,2.1,7.1,9.2,47.3,0.0,0.0,57.0,67.2,-2.7,0.3,0.0,0.3,0%,,
Elmer Soderblom,DET,24,LW,79.6,1.50,53,11.3,0.1,5.8,7.7,13.5,61.2,0.1,0.2,16.4,84.9,-1.3,0.8,5.4,4.5,54%,,
Adam Klapka,CGY,25,RW,79.5,1.53,52,9.7,0.9,6.0,6.1,12.2,53.6,0.6,2.0,28.4,146.2,-4.3,0.7,7.2,14.9,33%,,
Radek Faksa,DAL,31,C,79.1,1.52,52,12.0,0.0,3.8,9.9,13.7,39.7,0.0,0.0,36.1,70.1,4.2,0.7,228.7,174.6,57%,,
Trent Frederic,EDM,27,C,78.6,1.48,53,10.9,0.2,6.1,6.6,12.7,60.0,0.2,0.4,20.1,109.4,0.9,0.9,58.0,67.1,46%,,
Alexei Toropchenko,STL,26,RW,78.6,1.51,52,11.5,0.0,5.1,6.4,11.5,55.7,0.0,0.0,32.6,115.9,-2.2,0.8,0.5,1.9,22%,,
Jayden Struble,MTL,24,D,78.4,1.45,54,15.4,0.0,1.9,9.3,11.2,40.8,0.0,0.0,48.6,92.6,-1.0,0.3,0.0,0.0,0%,,
Logan Mailloux,STL,22,D,78.4,1.51,52,13.9,0.1,2.3,6.9,9.2,51.5,0.0,0.2,49.4,62.9,-3.9,0.3,0.0,0.0,0%,,
Zach Bogosian,MIN,35,D,78.3,1.48,53,14.4,0.0,2.1,7.2,9.2,48.9,0.0,0.0,52.3,55.9,0.2,0.3,0.0,0.0,0%,,
Luke Schenn,WPG,36,D,77.2,1.43,54,14.4,0.0,0.9,5.6,6.4,50.2,0.0,0.0,65.6,134.0,-1.0,0.1,0.0,0.0,0%,,
Colin Blackwell,DAL,32,C,76.1,1.46,52,11.8,0.0,5.0,7.8,12.8,53.1,0.0,0.0,22.3,74.1,3.9,0.9,85.4,103.7,45%,,
Nick Cousins,OTT,32,LW,76.0,1.41,54,10.0,0.0,5.7,6.6,12.3,54.1,0.0,0.1,24.0,92.1,2.2,1.0,8.0,14.3,36%,,
Urho Vaakanainen,NYR,26,D,76.0,1.49,51,14.3,0.0,1.3,9.8,11.1,40.1,0.0,0.0,45.1,30.4,0.7,0.2,0.0,0.0,0%,,
Garnet Hathaway,PHI,34,RW,75.4,1.37,55,10.9,0.0,4.8,5.8,10.6,48.7,0.0,0.0,38.3,181.4,-3.2,0.7,8.7,6.6,57%,,
Rodrigo Abols,PHI,29,C,74.8,1.36,55,10.7,0.0,4.8,5.4,10.2,60.9,0.0,0.1,27.2,69.2,-3.7,0.7,218.6,172.4,56%,,
Isac Lundestrom,CBJ,26,C,74.4,1.40,53,13.2,0.0,4.0,7.7,11.7,44.1,0.0,0.0,34.3,36.5,-0.4,0.6,199.2,219.4,48%,,
Brandon Duhaime,WSH,28,RW,73.9,1.42,52,11.5,0.0,5.3,6.2,11.5,46.2,0.0,0.0,32.6,103.3,2.9,0.9,9.6,16.0,37%,,
Joel Hanley,CGY,34,D,71.5,1.37,52,14.6,0.0,1.3,6.3,7.6,34.5,0.0,0.1,62.7,47.2,-3.4,0.2,0.0,0.0,0%,,
Mitchell Chaffee,T.B,27,RW,71.4,1.32,54,9.5,1.2,6.8,5.0,11.8,48.9,2.4,3.5,16.2,92.5,5.5,1.2,3.0,7.5,28%,,
Mattias Janmark,EDM,33,C,71.2,1.34,53,12.6,0.0,3.0,9.9,12.9,45.9,0.0,0.1,18.9,37.6,0.7,0.4,35.8,50.5,0%,,
Alex Turcotte,L.A,24,"C,LW",70.8,1.31,54,9.0,0.0,4.6,8.5,13.1,43.2,0.0,0.1,19.5,36.0,2.4,0.7,96.5,105.9,48%,,
Cole Koepke,WPG,27,LW,69.7,1.29,54,10.0,0.0,5.4,5.6,11.0,55.1,0.0,0.0,18.2,121.8,-0.2,0.8,0.0,0.6,0%,,
Brayden Pachal,CGY,26,D,69.2,1.33,52,13.7,0.0,1.7,5.9,7.6,41.9,0.0,0.0,50.9,90.2,-3.8,0.2,0.0,0.0,0%,,
Maxim Tsyplakov,NYI,27,"LW,RW",68.7,1.32,52,9.7,0.1,4.1,7.9,12.0,47.1,0.0,0.1,17.8,79.3,-1.3,0.6,7.2,10.2,41%,,
Casey Cizikas,NYI,34,"C,LW",68.6,1.32,52,10.3,0.0,4.4,5.4,9.8,42.4,0.0,0.1,36.2,102.5,-2.3,0.6,173.9,153.1,53%,,
Isaac Howard,EDM,21,LW,66.1,1.25,53,9.5,0.5,5.4,5.0,10.4,55.4,0.5,1.1,12.0,47.0,1.2,0.8,0.0,0.0,0%,,
Tyler Tucker,STL,25,D,65.7,1.26,52,12.7,0.1,2.3,5.1,7.4,41.7,0.0,0.1,44.9,66.9,-1.9,0.3,0.0,0.0,0%,,
Taylor Raddysh,NYR,27,RW,65.6,1.29,51,10.5,0.3,4.5,6.5,11.0,46.5,0.1,0.4,17.9,45.9,0.3,0.8,4.0,11.3,26%,,
Brandon Tanev,UTA,33,"LW,RW",64.7,1.24,52,9.6,0.0,4.0,5.2,9.2,41.8,0.0,0.1,32.3,99.6,-1.9,0.6,4.5,14.9,23%,,
Juuso Parssinen,NYR,24,C,62.4,1.22,51,8.7,0.0,5.1,5.6,10.8,35.5,0.0,0.0,24.8,74.2,0.0,0.9,59.7,78.4,43%,,
Olli Maatta,UTA,31,D,61.9,1.19,52,11.8,0.0,1.3,6.8,8.1,30.4,0.0,0.0,44.5,21.4,-0.3,0.2,0.0,0.0,0%,,
Sam Carrick,NYR,33,C,61.4,1.20,51,9.6,0.0,3.2,6.1,9.3,45.5,0.0,0.0,21.5,74.2,0.3,0.5,188.8,163.2,54%,,
Adam Edstrom,NYR,25,C,60.7,1.19,51,9.1,0.0,4.6,4.2,8.8,41.2,0.0,0.0,27.4,91.9,0.5,0.8,1.3,2.5,34%,,
Barclay Goodrow,S.J,32,C,60.4,1.16,52,11.9,0.1,3.1,3.5,6.6,42.9,0.1,0.1,38.3,86.6,-7.3,0.4,74.7,89.0,46%,,
Curtis Lazar,EDM,30,C,60.0,1.13,53,9.7,0.0,4.1,5.7,9.8,34.7,0.0,0.1,26.7,99.0,1.4,0.6,134.5,132.8,50%,,
Hendrix Lapierre,WSH,23,C,59.7,1.15,52,8.6,0.1,2.3,8.8,11.1,36.7,0.1,0.2,15.6,43.3,3.3,0.4,67.7,111.2,38%,,
Liam Ohgren,MIN,21,LW,59.0,1.11,53,9.4,0.2,3.4,4.0,7.4,50.1,0.1,0.4,22.9,76.7,-0.7,0.5,1.9,5.9,25%,,
Jake Christiansen,CBJ,26,D,55.7,1.05,53,10.7,0.0,0.8,5.0,5.8,39.3,0.0,0.0,37.6,40.3,-0.5,0.1,0.0,0.0,0%,,
Sam Lafferty,CHI,30,"C,RW",51.8,0.98,53,9.1,0.0,4.8,4.1,8.9,35.7,0.0,0.1,14.6,76.7,-4.9,0.7,62.0,67.4,48%,,
Ryan Lomberg,CGY,30,LW,49.6,0.95,52,8.8,0.0,2.2,4.2,6.5,45.4,0.0,0.0,14.8,107.7,-4.5,0.3,4.2,8.9,32%,,
Nicolas Deslauriers,PHI,34,LW,47.7,0.87,55,8.6,0.0,2.9,3.1,6.0,41.3,0.0,0.0,18.3,154.1,-3.5,0.4,3.8,4.1,48%,,
